"TABLE_NAME","COLUMN_NAME","DATA_TYPE","CHARACTER_MAXIMUM_LENGTH","IS_NULLABLE","IS_PK","IS_GUID"
"AssetAttribute","RelayGUID","nvarchar","20","NO","PK","GUID"
"AssetAttribute","Name","nvarchar","100","NO","PK",""
"AssetAttribute","StrVal","nvarchar","255","YES","",""
"AssetAttribute","FpVal","float","","YES","",""
"AssetAttribute","DateModified","datetime","","YES","",""
"AssetAttribute","SynchWriteDate","datetime","","YES","",""
"AssetAttribute","Type","int","","YES","",""
"AssetAttribute","LastModBy","nvarchar","20","YES","",""
"Config","Name","nvarchar","20","YES","",""
"Config","ConfigValue","nvarchar","80","YES","",""
"Curves","CurveGuid","nvarchar","20","NO","PK","GUID"
"Curves","DateModified","datetime","","YES","",""
"Curves","DateSynch","datetime","","YES","",""
"Curves","CurveType","nvarchar","50","YES","",""
"Curves","Manufacturer","nvarchar","50","YES","",""
"Curves","Model","nvarchar","100","YES","",""
"Curves","CurveName","nvarchar","50","YES","",""
"Curves","ScaleType","int","","YES","",""
"Curves","ResetEquation","nvarchar","80","YES","",""
"Curves","Notes","nvarchar","80","YES","",""
"Curves","CurveDataBin","varbinary","-1","YES","",""
"Curves","bIsDel","int","","YES","",""
"Curves","DeleteInfo","nvarchar","62","YES","",""
"Curves","Family","nvarchar","50","YES","",""
"Curves","TripUnit","nvarchar","50","YES","",""
"Curves","XmlData","nvarchar","-1","YES","",""
"Curves","SynchWriteDate","datetime","","YES","",""
"Curves","StatFlg","int","","YES","",""
"Curves","bLocked","tinyint","","YES","",""
"Curves","LockInfo","nvarchar","-1","YES","",""
"DeltaComment","TxtGUID","nvarchar","20","NO","PK","GUID"
"DeltaComment","ResultsGUID","nvarchar","20","YES","","GUID"
"DeltaComment","Txt","nvarchar","-1","YES","",""
"DeltaComment","DeltaDate","datetime","","YES","",""
"DeltaComment","SynchWriteDate","datetime","","YES","",""
"DeltaCorrAct","TxtGUID","nvarchar","20","NO","PK","GUID"
"DeltaCorrAct","ResultsGUID","nvarchar","20","YES","","GUID"
"DeltaCorrAct","Txt","nvarchar","-1","YES","",""
"DeltaCorrAct","DeltaDate","datetime","","YES","",""
"DeltaCorrAct","SynchWriteDate","datetime","","YES","",""
"DeltaDeficiency","TxtGUID","nvarchar","20","NO","PK","GUID"
"DeltaDeficiency","ResultsGUID","nvarchar","20","YES","","GUID"
"DeltaDeficiency","Txt","nvarchar","-1","YES","",""
"DeltaDeficiency","DeltaDate","datetime","","YES","",""
"DeltaDeficiency","SynchWriteDate","datetime","","YES","",""
"DeltaRecommend","TxtGUID","nvarchar","20","NO","PK","GUID"
"DeltaRecommend","ResultsGUID","nvarchar","20","YES","","GUID"
"DeltaRecommend","Txt","nvarchar","-1","YES","",""
"DeltaRecommend","DeltaDate","datetime","","YES","",""
"DeltaRecommend","SynchWriteDate","datetime","","YES","",""
"Device_Type","DeviceGUID","nvarchar","20","NO","PK","GUID"
"Device_Type","DeviceName","nvarchar","75","YES","",""
"Device_Type","Manufacturer","nvarchar","40","YES","",""
"Device_Type","IEEEDevice","nvarchar","60","YES","",""
"Device_Type","RptFilename","nvarchar","50","YES","",""
"Device_Type","DeviceLink","nvarchar","50","YES","",""
"Device_Type","bUseCustomRpt","int","","YES","",""
"Device_Type","Notes","nvarchar","-1","YES","",""
"Device_Type","Family","nvarchar","40","YES","",""
"Device_Type","TemplateDefinition","varbinary","-1","YES","",""
"Device_Type","DateModified","datetime","","YES","",""
"Device_Type","DateCreated","datetime","","YES","",""
"Device_Type","NameplateCrc","int","","YES","",""
"Device_Type","DateSynch","datetime","","YES","",""
"Device_Type","bIsDel","int","","YES","",""
"Device_Type","DeleteInfo","nvarchar","62","YES","",""
"Device_Type","bIsRetired","tinyint","","YES","",""
"Device_Type","MaintPeriod","int","","YES","",""
"Device_Type","bOptimaForm","tinyint","","YES","",""
"Device_Type","bSuggestUpdate","tinyint","","YES","",""
"Device_Type","FormNumber","int","","YES","",""
"Device_Type","TemplatesUsed","nvarchar","-1","YES","",""
"Device_Type","RevisionHistory","nvarchar","-1","YES","",""
"Device_Type","ScopeOfWork","varbinary","-1","YES","",""
"Device_Type","LastModBy","nvarchar","20","YES","",""
"Device_Type","CreatorGuid","nvarchar","20","YES","","GUID"
"Device_Type","ExternalTemplates","nvarchar","-1","YES","",""
"Device_Type","PreferenceLevel","int","","YES","",""
"Device_Type","ReplaceWith","nvarchar","20","YES","",""
"Device_Type","eFormType","int","","YES","",""
"Device_Type","InstFamily","nvarchar","40","YES","",""
"Device_Type","eInstFormType","int","","YES","",""
"Device_Type","SynchWriteDate","datetime","","YES","",""
"Device_Type","StatFlg","int","","YES","",""
"Device_Type","bLocked","tinyint","","YES","",""
"Device_Type","LockInfo","nvarchar","-1","YES","",""
"Device_Type_Print_Order","DeviceGUID","nvarchar","20","NO","PK","GUID"
"Device_Type_Print_Order","DevOrder","int","","YES","",""
"Device_Type_Print_Order","eRptType","int","","YES","",""
"Device_Type_Print_Order","DateModified","datetime","","YES","",""
"Device_Type_Print_Order","SynchWriteDate","datetime","","YES","",""
"Device_Type_Settings","IdentityId","int","","NO","PK",""
"Device_Type_Settings","DeviceGUID","nvarchar","20","YES","","GUID"
"Device_Type_Settings","GroupName","nvarchar","40","YES","",""
"Device_Type_Settings","SettingName","nvarchar","40","YES","",""
"Device_Type_Settings","Comments","nvarchar","255","YES","",""
"Device_Type_Settings","EnumStrings","nvarchar","255","YES","",""
"Device_Type_Settings","TypeOfData","nvarchar","50","YES","",""
"Device_Type_Settings","GroupOrder","int","","YES","",""
"Device_Type_Settings","SettingOrder","int","","YES","",""
"Device_Type_Settings","MinValue","float","","YES","",""
"Device_Type_Settings","MaxValue","float","","YES","",""
"DeviceHelp","ItemId","nvarchar","75","NO","PK",""
"DeviceHelp","HelpType","tinyint","","NO","PK",""
"DeviceHelp","HelpLanguage","nvarchar","30","NO","PK",""
"DeviceHelp","DateModified","datetime","","YES","",""
"DeviceHelp","HelpText","varbinary","-1","YES","",""
"DeviceHelp","Width","int","","YES","",""
"DeviceHelp","Height","int","","YES","",""
"DeviceHelp","SynchWriteDate","datetime","","YES","",""
"DeviceHelp","StatFlg","int","","YES","",""
"DeviceHelp","bLocked","tinyint","","YES","",""
"DeviceHelp","LockInfo","nvarchar","-1","YES","",""
"DeviceHelp","DateSynch","datetime","","YES","",""
"DeviceHelp","HelpDesc","nvarchar","75","YES","",""
"FolderAudit","AuditGUID","nvarchar","20","NO","PK","GUID"
"FolderAudit","Operation","int","","YES","",""
"FolderAudit","OpDate","datetime","","YES","",""
"FolderAudit","Info","nvarchar","62","YES","",""
"FolderAudit","bIsDel","int","","YES","",""
"FolderAudit","SynchWriteDate","datetime","","YES","",""
"FolderHierarchy","AncestorGUID","nvarchar","20","NO","PK","GUID"
"FolderHierarchy","DescendantGUID","nvarchar","20","NO","PK","GUID"
"FolderHierarchy","bIsDel","int","","YES","",""
"FolderHierarchy","Length","int","","YES","",""
"FolderHierarchy","CreateAuditGUID","nvarchar","20","YES","","GUID"
"FolderHierarchy","DeleteAuditGUID","nvarchar","20","YES","","GUID"
"FolderOrg","FolderGUID","nvarchar","20","NO","PK","GUID"
"FolderOrg","Name","nvarchar","80","YES","",""
"FolderOrg","RegionGUID","nvarchar","20","YES","","GUID"
"FolderOrg","OrderWeight","int","","YES","",""
"FolderOrg","ModifyAuditGUID","nvarchar","20","YES","","GUID"
"FormDataType","FormDataTypeGUID","nvarchar","20","NO","PK","GUID"
"FormDataType","Description","nvarchar","50","YES","",""
"FormDataType","DateModified","datetime","","YES","",""
"FormDataType","bIsDel","int","","YES","",""
"FormDataType","DeleteInfo","nvarchar","62","YES","",""
"FormDataType","SynchWriteDate","datetime","","YES","",""
"FormDataTypeTags","DeviceGUID","nvarchar","20","NO","PK","GUID"
"FormDataTypeTags","TagName","nvarchar","80","NO","PK",""
"FormDataTypeTags","FormDataTypeGUID","nvarchar","20","NO","PK","GUID"
"FormDataTypeTags","DateModified","datetime","","YES","",""
"FormDataTypeTags","bIsDel","int","","YES","",""
"FormDataTypeTags","DeleteInfo","nvarchar","62","YES","",""
"FormDataTypeTags","SynchWriteDate","datetime","","YES","",""
"FormFamily","Name","nvarchar","80","NO","PK",""
"FormFamily","IconGUID","nvarchar","20","YES","","GUID"
"FormFamily","DateModified","datetime","","YES","",""
"FormFamily","SynchWriteDate","datetime","","YES","",""
"FormTemplet","TempletGUID","nvarchar","20","NO","PK","GUID"
"FormTemplet","FormGUID","nvarchar","20","YES","","GUID"
"FormTemplet","PdbXml","nvarchar","-1","YES","",""
"FormTemplet","Name","nvarchar","80","YES","",""
"FormTemplet","ModDate","datetime","","YES","",""
"FormTemplet","LastModBy","nvarchar","20","YES","",""
"FormTemplet","CreateDate","datetime","","YES","",""
"FormTemplet","CreatorGUID","nvarchar","20","YES","","GUID"
"FormTemplet","bIsDel","int","","YES","",""
"FormTemplet","DeleteInfo","nvarchar","62","YES","",""
"FormTemplet","SynchWriteDate","datetime","","YES","",""
"FormUpdate","EntryGUID","nvarchar","20","NO","PK","GUID"
"FormUpdate","FormGUID","nvarchar","20","YES","","GUID"
"FormUpdate","bIsSubform","tinyint","","YES","",""
"FormUpdate","DateModified","datetime","","YES","",""
"FormUpdate","UserGUID","nvarchar","20","YES","","GUID"
"FormUpdate","UserRevision","int","","YES","",""
"FormUpdate","PDBRevision","int","","YES","",""
"FormUpdate","Description","nvarchar","200","YES","",""
"FormUpdate","bPostToWeb","tinyint","","YES","",""
"FormUpdate","SynchWriteDate","datetime","","YES","",""
"FormUpdate","StatFlg","int","","YES","",""
"FormUpdate","bLocked","tinyint","","YES","",""
"FormUpdate","LockInfo","nvarchar","-1","YES","",""
"IconInfo","IconGUID","nvarchar","20","NO","PK","GUID"
"IconInfo","Name","nvarchar","80","YES","",""
"IconInfo","Icon","varbinary","-1","YES","",""
"IconInfo","DateModified","datetime","","YES","",""
"IconInfo","SynchWriteDate","datetime","","YES","",""
"JobAttribute","JobGUID","nvarchar","20","NO","PK","GUID"
"JobAttribute","Name","nvarchar","100","NO","PK",""
"JobAttribute","StrVal","nvarchar","255","YES","",""
"JobAttribute","FpVal","float","","YES","",""
"JobAttribute","DateModified","datetime","","YES","",""
"JobAttribute","SynchWriteDate","datetime","","YES","",""
"JobAttribute","Type","int","","YES","",""
"JobAttribute","LastModBy","nvarchar","20","YES","",""
"JobUserAccount","JobGUID","nvarchar","20","NO","PK","GUID"
"JobUserAccount","UserGUID","nvarchar","20","NO","PK","GUID"
"JobUserAccount","DateCreated","datetime","","YES","",""
"JobUserAccount","DateModified","datetime","","YES","",""
"JobUserAccount","bIsDel","int","","YES","",""
"JobUserAccount","DeleteInfo","nvarchar","62","YES","",""
"JobUserAccount","AddingUserGUID","nvarchar","20","YES","","GUID"
"JobUserAccount","LastModBy","nvarchar","20","YES","",""
"JobUserAccount","SynchWriteDate","datetime","","YES","",""
"JobUserAccount","StatFlg","int","","YES","",""
"JobUserAccount","bLocked","tinyint","","YES","",""
"JobUserAccount","LockInfo","nvarchar","-1","YES","",""
"Manufacturer","ManufGUID","nvarchar","20","NO","PK","GUID"
"Manufacturer","ManufName","nvarchar","80","YES","",""
"Manufacturer","DateModified","datetime","","YES","",""
"Manufacturer","DateCreated","datetime","","YES","",""
"Manufacturer","DateSynch","datetime","","YES","",""
"Manufacturer","bIsDel","int","","YES","",""
"Manufacturer","DeleteInfo","nvarchar","62","YES","",""
"Manufacturer","SynchWriteDate","datetime","","YES","",""
"Manufacturer","StatFlg","int","","YES","",""
"Manufacturer","bLocked","tinyint","","YES","",""
"Manufacturer","LockInfo","nvarchar","-1","YES","",""
"Model_Data","ModelGuid","nvarchar","20","NO","PK","GUID"
"Model_Data","ManufacturerGUID","nvarchar","20","YES","","GUID"
"Model_Data","SerialNo","nvarchar","80","YES","",""
"Model_Data","Model","nvarchar","80","YES","",""
"Model_Data","CalibrationPeriod","int","","YES","",""
"Model_Data","CalibrationDate","datetime","","YES","",""
"Model_Data","CalibrationDueDate","datetime","","YES","",""
"Model_Data","DateModified","datetime","","YES","",""
"Model_Data","DateCreated","datetime","","YES","",""
"Model_Data","DateSynch","datetime","","YES","",""
"Model_Data","bIsDel","int","","YES","",""
"Model_Data","DeleteInfo","nvarchar","62","YES","",""
"Model_Data","Type","int","","YES","",""
"Model_Data","Description","nvarchar","80","YES","",""
"Model_Data","RegionGuid","nvarchar","20","YES","","GUID"
"Model_Data","RegionDate","datetime","","YES","",""
"Model_Data","EqType","nvarchar","50","YES","",""
"Model_Data","UsrInt1","int","","YES","",""
"Model_Data","UsrInt2","int","","YES","",""
"Model_Data","UsrInt3","int","","YES","",""
"Model_Data","UsrInt4","int","","YES","",""
"Model_Data","UsrInt5","int","","YES","",""
"Model_Data","UsrInt6","int","","YES","",""
"Model_Data","UsrInt7","int","","YES","",""
"Model_Data","UsrInt8","int","","YES","",""
"Model_Data","UsrInt9","int","","YES","",""
"Model_Data","UsrInt10","int","","YES","",""
"Model_Data","UsrInt11","int","","YES","",""
"Model_Data","UsrInt12","int","","YES","",""
"Model_Data","UsrInt13","int","","YES","",""
"Model_Data","UsrInt14","int","","YES","",""
"Model_Data","UsrInt15","int","","YES","",""
"Model_Data","UsrInt16","int","","YES","",""
"Model_Data","UsrInt17","int","","YES","",""
"Model_Data","UsrInt18","int","","YES","",""
"Model_Data","UsrInt19","int","","YES","",""
"Model_Data","UsrInt20","int","","YES","",""
"Model_Data","UsrInt21","int","","YES","",""
"Model_Data","UsrInt22","int","","YES","",""
"Model_Data","UsrInt23","int","","YES","",""
"Model_Data","UsrInt24","int","","YES","",""
"Model_Data","UsrInt25","int","","YES","",""
"Model_Data","UsrFloat1","float","","YES","",""
"Model_Data","UsrFloat2","float","","YES","",""
"Model_Data","UsrFloat3","float","","YES","",""
"Model_Data","UsrFloat4","float","","YES","",""
"Model_Data","UsrFloat5","float","","YES","",""
"Model_Data","UsrFloat6","float","","YES","",""
"Model_Data","UsrFloat7","float","","YES","",""
"Model_Data","UsrFloat8","float","","YES","",""
"Model_Data","UsrFloat9","float","","YES","",""
"Model_Data","UsrFloat10","float","","YES","",""
"Model_Data","UsrFloat11","float","","YES","",""
"Model_Data","UsrFloat12","float","","YES","",""
"Model_Data","UsrFloat13","float","","YES","",""
"Model_Data","UsrFloat14","float","","YES","",""
"Model_Data","UsrFloat15","float","","YES","",""
"Model_Data","UsrFloat16","float","","YES","",""
"Model_Data","UsrFloat17","float","","YES","",""
"Model_Data","UsrFloat18","float","","YES","",""
"Model_Data","UsrFloat19","float","","YES","",""
"Model_Data","UsrFloat20","float","","YES","",""
"Model_Data","UsrFloat21","float","","YES","",""
"Model_Data","UsrFloat22","float","","YES","",""
"Model_Data","UsrFloat23","float","","YES","",""
"Model_Data","UsrFloat24","float","","YES","",""
"Model_Data","UsrFloat25","float","","YES","",""
"Model_Data","UsrString1","nvarchar","50","YES","",""
"Model_Data","UsrString2","nvarchar","50","YES","",""
"Model_Data","UsrString3","nvarchar","50","YES","",""
"Model_Data","UsrString4","nvarchar","50","YES","",""
"Model_Data","UsrString5","nvarchar","50","YES","",""
"Model_Data","UsrString6","nvarchar","50","YES","",""
"Model_Data","UsrString7","nvarchar","50","YES","",""
"Model_Data","UsrString8","nvarchar","50","YES","",""
"Model_Data","UsrString9","nvarchar","50","YES","",""
"Model_Data","UsrString10","nvarchar","50","YES","",""
"Model_Data","UsrString11","nvarchar","50","YES","",""
"Model_Data","UsrString12","nvarchar","50","YES","",""
"Model_Data","UsrString13","nvarchar","50","YES","",""
"Model_Data","UsrString14","nvarchar","50","YES","",""
"Model_Data","UsrString15","nvarchar","50","YES","",""
"Model_Data","UsrString16","nvarchar","50","YES","",""
"Model_Data","UsrString17","nvarchar","50","YES","",""
"Model_Data","UsrString18","nvarchar","50","YES","",""
"Model_Data","UsrString19","nvarchar","50","YES","",""
"Model_Data","UsrString20","nvarchar","50","YES","",""
"Model_Data","UsrString21","nvarchar","50","YES","",""
"Model_Data","UsrString22","nvarchar","50","YES","",""
"Model_Data","UsrString23","nvarchar","50","YES","",""
"Model_Data","UsrString24","nvarchar","50","YES","",""
"Model_Data","UsrString25","nvarchar","50","YES","",""
"Model_Data","UsrDate1","datetime","","YES","",""
"Model_Data","UsrDate2","datetime","","YES","",""
"Model_Data","UsrDate3","datetime","","YES","",""
"Model_Data","UsrDate4","datetime","","YES","",""
"Model_Data","UsrDate5","datetime","","YES","",""
"Model_Data","UsrDate6","datetime","","YES","",""
"Model_Data","UsrDate7","datetime","","YES","",""
"Model_Data","UsrDate8","datetime","","YES","",""
"Model_Data","UsrDate9","datetime","","YES","",""
"Model_Data","UsrDate10","datetime","","YES","",""
"Model_Data","SynchWriteDate","datetime","","YES","",""
"Model_Data","StatFlg","int","","YES","",""
"Model_Data","bLocked","tinyint","","YES","",""
"Model_Data","LockInfo","nvarchar","-1","YES","",""
"ModHistory","UserGuid","nvarchar","20","NO","PK","GUID"
"ModHistory","ItemGuid","nvarchar","20","NO","PK","GUID"
"ModHistory","eItemType","int","","NO","PK",""
"ModHistory","eModType","int","","NO","PK",""
"ModHistory","ModTimestamp","datetime","","YES","",""
"ModHistory","FirstModified","datetime","","YES","",""
"ModHistory","ModCount","int","","YES","",""
"ModHistory","Details","nvarchar","-1","YES","",""
"ModUser","UserGUID","nvarchar","20","NO","PK","GUID"
"ModUser","UserName","nvarchar","80","YES","",""
"ModUser","FullName","nvarchar","160","YES","",""
"ModUser","Description","nvarchar","160","YES","",""
"ModUser","Passwrd","nvarchar","120","YES","",""
"ModUser","Privilege","int","","YES","",""
"ModUser","bUserMustChange","int","","YES","",""
"ModUser","bUserCannotChange","int","","YES","",""
"ModUser","bAccountDisabled","int","","YES","",""
"ModUser","DateModified","datetime","","YES","",""
"ModUser","DateCreated","datetime","","YES","",""
"ModUser","DateSynch","datetime","","YES","",""
"ModUser","bIsDel","int","","YES","",""
"ModUser","DeleteInfo","nvarchar","62","YES","",""
"ModUser","RegionGuid","nvarchar","20","YES","","GUID"
"ModUser","RegionDate","datetime","","YES","",""
"ModUser","PhoneNo","nvarchar","-1","YES","",""
"ModUser","Email","nvarchar","-1","YES","",""
"ModUser","CustomInfo1","nvarchar","-1","YES","",""
"ModUser","CustomInfo2","nvarchar","-1","YES","",""
"ModUser","CustomInfo3","nvarchar","-1","YES","",""
"ModUser","LastModBy","nvarchar","20","YES","",""
"ModUser","CreatorGuid","nvarchar","20","YES","","GUID"
"ModUser","PswdChngDate","datetime","","YES","",""
"ModUser","PrevPasswrd1","nvarchar","120","YES","",""
"ModUser","PrevPasswrd2","nvarchar","120","YES","",""
"ModUser","PrevPasswrd3","nvarchar","120","YES","",""
"ModUser","PrevPasswrd4","nvarchar","120","YES","",""
"ModUser","FeatureMask","int","","YES","",""
"ModUser","AdSid","nvarchar","200","YES","",""
"ModUser","SynchWriteDate","datetime","","YES","",""
"ModUser","StatFlg","int","","YES","",""
"ModUser","bLocked","tinyint","","YES","",""
"ModUser","LockInfo","nvarchar","-1","YES","",""
"PdbAddrHeader","CompanyGUID","nvarchar","20","NO","PK","GUID"
"PdbAddrHeader","CType","int","","YES","",""
"PdbAddrHeader","Name","nvarchar","100","YES","",""
"PdbAddrHeader","DateModified","datetime","","YES","",""
"PdbAddrHeader","DateCreated","datetime","","YES","",""
"PdbAddrHeader","DateSynch","datetime","","YES","",""
"PdbAddrHeader","bIsDel","int","","YES","",""
"PdbAddrHeader","DeleteInfo","nvarchar","62","YES","",""
"PdbAddrHeader","bImported","tinyint","","YES","",""
"PdbAddrHeader","DefaultOrderBy","nvarchar","-1","YES","",""
"PdbAddrHeader","HdrNeutralId","nvarchar","50","YES","",""
"PdbAddrHeader","LastModBy","nvarchar","20","YES","",""
"PdbAddrHeader","CreatorGuid","nvarchar","20","YES","","GUID"
"PdbAddrHeader","SynchWriteDate","datetime","","YES","",""
"PdbAddrHeader","StatFlg","int","","YES","",""
"PdbAddrHeader","bLocked","tinyint","","YES","",""
"PdbAddrHeader","LockInfo","nvarchar","-1","YES","",""
"PdbAddrHeaderArchive","CompanyGUID","nvarchar","20","NO","PK","GUID"
"PdbAddrHeaderArchive","DateModified","datetime","","NO","PK",""
"PdbAddrHeaderArchive","CType","int","","YES","",""
"PdbAddrHeaderArchive","Name","nvarchar","100","YES","",""
"PdbAddrHeaderArchive","DateCreated","datetime","","YES","",""
"PdbAddrHeaderArchive","DateSynch","datetime","","YES","",""
"PdbAddrHeaderArchive","bIsDel","int","","YES","",""
"PdbAddrHeaderArchive","DeleteInfo","nvarchar","62","YES","",""
"PdbAddrHeaderArchive","bImported","tinyint","","YES","",""
"PdbAddrHeaderArchive","DefaultOrderBy","nvarchar","-1","YES","",""
"PdbAddrHeaderArchive","HdrNeutralId","nvarchar","50","YES","",""
"PdbAddrHeaderArchive","LastModBy","nvarchar","20","YES","",""
"PdbAddrHeaderArchive","CreatorGuid","nvarchar","20","YES","","GUID"
"PdbAddrHeaderArchive","SynchWriteDate","datetime","","YES","",""
"PdbAddrHeaderArchive","StatFlg","int","","YES","",""
"PdbAddrHeaderArchive","bLocked","tinyint","","YES","",""
"PdbAddrHeaderArchive","LockInfo","nvarchar","-1","YES","",""
"PdbAddrHeaderArchive","DateArchived","datetime","","YES","",""
"PdbAddrInfo","AddrGUID","nvarchar","20","NO","PK","GUID"
"PdbAddrInfo","CompanyGUID","nvarchar","20","YES","","GUID"
"PdbAddrInfo","Type","int","","YES","",""
"PdbAddrInfo","AddrLn1","nvarchar","100","YES","",""
"PdbAddrInfo","AddrLn2","nvarchar","80","YES","",""
"PdbAddrInfo","City","nvarchar","40","YES","",""
"PdbAddrInfo","State","nvarchar","40","YES","",""
"PdbAddrInfo","Country","nvarchar","20","YES","",""
"PdbAddrInfo","Zip","nvarchar","10","YES","",""
"PdbAddrInfo","bIsMailingAddr","int","","YES","",""
"PdbAddrInfo","FirstName","nvarchar","20","YES","",""
"PdbAddrInfo","LastName","nvarchar","20","YES","",""
"PdbAddrInfo","MailCode","nvarchar","80","YES","",""
"PdbAddrInfo","Phone","nvarchar","20","YES","",""
"PdbAddrInfo","PhoneExt","nvarchar","10","YES","",""
"PdbAddrInfo","Fax","nvarchar","20","YES","",""
"PdbAddrInfo","FaxExt","nvarchar","10","YES","",""
"PdbAddrInfo","Email","nvarchar","40","YES","",""
"PdbAddrInfo","Notes","nvarchar","-1","YES","",""
"PdbAddrInfo","DateModified","datetime","","YES","",""
"PdbAddrInfo","DateCreated","datetime","","YES","",""
"PdbAddrInfo","DateSynch","datetime","","YES","",""
"PdbAddrInfo","bIsDel","int","","YES","",""
"PdbAddrInfo","DeleteInfo","nvarchar","62","YES","",""
"PdbAddrInfo","bImported","tinyint","","YES","",""
"PdbAddrInfo","WebUser","nvarchar","80","YES","",""
"PdbAddrInfo","WebPass","nvarchar","80","YES","",""
"PdbAddrInfo","WebPriv","int","","YES","",""
"PdbAddrInfo","Mobile","nvarchar","20","YES","",""
"PdbAddrInfo","RegionGuid","nvarchar","20","YES","","GUID"
"PdbAddrInfo","RegionDate","datetime","","YES","",""
"PdbAddrInfo","AddrNeutralId","nvarchar","50","YES","",""
"PdbAddrInfo","LastModBy","nvarchar","20","YES","",""
"PdbAddrInfo","CreatorGuid","nvarchar","20","YES","","GUID"
"PdbAddrInfo","SynchWriteDate","datetime","","YES","",""
"PdbAddrInfo","StatFlg","int","","YES","",""
"PdbAddrInfo","bLocked","tinyint","","YES","",""
"PdbAddrInfo","LockInfo","nvarchar","-1","YES","",""
"PdbAddrInfoArchive","AddrGUID","nvarchar","20","NO","PK","GUID"
"PdbAddrInfoArchive","DateModified","datetime","","NO","PK",""
"PdbAddrInfoArchive","CompanyGUID","nvarchar","20","YES","","GUID"
"PdbAddrInfoArchive","Type","int","","YES","",""
"PdbAddrInfoArchive","AddrLn1","nvarchar","100","YES","",""
"PdbAddrInfoArchive","AddrLn2","nvarchar","80","YES","",""
"PdbAddrInfoArchive","City","nvarchar","40","YES","",""
"PdbAddrInfoArchive","State","nvarchar","40","YES","",""
"PdbAddrInfoArchive","Country","nvarchar","20","YES","",""
"PdbAddrInfoArchive","Zip","nvarchar","10","YES","",""
"PdbAddrInfoArchive","bIsMailingAddr","int","","YES","",""
"PdbAddrInfoArchive","FirstName","nvarchar","20","YES","",""
"PdbAddrInfoArchive","LastName","nvarchar","20","YES","",""
"PdbAddrInfoArchive","MailCode","nvarchar","80","YES","",""
"PdbAddrInfoArchive","Phone","nvarchar","20","YES","",""
"PdbAddrInfoArchive","PhoneExt","nvarchar","10","YES","",""
"PdbAddrInfoArchive","Fax","nvarchar","20","YES","",""
"PdbAddrInfoArchive","FaxExt","nvarchar","10","YES","",""
"PdbAddrInfoArchive","Email","nvarchar","40","YES","",""
"PdbAddrInfoArchive","Notes","nvarchar","-1","YES","",""
"PdbAddrInfoArchive","DateCreated","datetime","","YES","",""
"PdbAddrInfoArchive","DateSynch","datetime","","YES","",""
"PdbAddrInfoArchive","bIsDel","int","","YES","",""
"PdbAddrInfoArchive","DeleteInfo","nvarchar","62","YES","",""
"PdbAddrInfoArchive","bImported","tinyint","","YES","",""
"PdbAddrInfoArchive","WebUser","nvarchar","80","YES","",""
"PdbAddrInfoArchive","WebPass","nvarchar","80","YES","",""
"PdbAddrInfoArchive","WebPriv","int","","YES","",""
"PdbAddrInfoArchive","Mobile","nvarchar","20","YES","",""
"PdbAddrInfoArchive","RegionGuid","nvarchar","20","YES","","GUID"
"PdbAddrInfoArchive","RegionDate","datetime","","YES","",""
"PdbAddrInfoArchive","AddrNeutralId","nvarchar","50","YES","",""
"PdbAddrInfoArchive","LastModBy","nvarchar","20","YES","",""
"PdbAddrInfoArchive","CreatorGuid","nvarchar","20","YES","","GUID"
"PdbAddrInfoArchive","SynchWriteDate","datetime","","YES","",""
"PdbAddrInfoArchive","StatFlg","int","","YES","",""
"PdbAddrInfoArchive","bLocked","tinyint","","YES","",""
"PdbAddrInfoArchive","LockInfo","nvarchar","-1","YES","",""
"PdbAddrInfoArchive","DateArchived","datetime","","YES","",""
"PdbCategory","CategoryGUID","nvarchar","20","NO","PK","GUID"
"PdbCategory","Name","nvarchar","80","YES","",""
"PdbCategory","UserNum0","int","","YES","",""
"PdbCategory","UserNum1","int","","YES","",""
"PdbCategory","UserNum2","int","","YES","",""
"PdbCategory","UserStr0","nvarchar","80","YES","",""
"PdbCategory","UserStr1","nvarchar","80","YES","",""
"PdbCategory","UserStr2","nvarchar","80","YES","",""
"PdbCategory","bIsDel","int","","YES","",""
"PdbCategory","DeleteInfo","nvarchar","62","YES","",""
"PdbCategory","DateModified","datetime","","YES","",""
"PdbCategory","DateCreated","datetime","","YES","",""
"PdbCategory","SynchWriteDate","datetime","","YES","",""
"PdbCategory","StatFlg","int","","YES","",""
"PdbCategory","bLocked","tinyint","","YES","",""
"PdbCategory","LockInfo","nvarchar","-1","YES","",""
"PdbCompliance","ComplianceGUID","nvarchar","20","NO","PK","GUID"
"PdbCompliance","RelayGUID","nvarchar","20","YES","","GUID"
"PdbCompliance","CategoryGUID","nvarchar","20","YES","","GUID"
"PdbCompliance","SubCategoryGUID","nvarchar","20","YES","","GUID"
"PdbCompliance","eMaintenancePeriodType","int","","YES","",""
"PdbCompliance","bMaintenanceAbs","tinyint","","YES","",""
"PdbCompliance","MaintenanceInterval","int","","YES","",""
"PdbCompliance","eComplianceType","int","","YES","",""
"PdbCompliance","Risk","int","","YES","",""
"PdbCompliance","UserNum0","int","","YES","",""
"PdbCompliance","UserNum1","int","","YES","",""
"PdbCompliance","UserNum2","int","","YES","",""
"PdbCompliance","UserNum3","int","","YES","",""
"PdbCompliance","UserNum4","int","","YES","",""
"PdbCompliance","UserStr0","nvarchar","80","YES","",""
"PdbCompliance","UserStr1","nvarchar","80","YES","",""
"PdbCompliance","UserStr2","nvarchar","80","YES","",""
"PdbCompliance","UserStr3","nvarchar","80","YES","",""
"PdbCompliance","UserStr4","nvarchar","80","YES","",""
"PdbCompliance","UserStr5","nvarchar","80","YES","",""
"PdbCompliance","bIsDel","int","","YES","",""
"PdbCompliance","DeleteInfo","nvarchar","62","YES","",""
"PdbCompliance","DateModified","datetime","","YES","",""
"PdbCompliance","DateCreated","datetime","","YES","",""
"PdbCompliance","SynchWriteDate","datetime","","YES","",""
"PdbCompliance","StatFlg","int","","YES","",""
"PdbCompliance","bLocked","tinyint","","YES","",""
"PdbCompliance","LockInfo","nvarchar","-1","YES","",""
"PdbConfig","Name","nvarchar","20","NO","PK",""
"PdbConfig","ConfigValue","nvarchar","-1","YES","",""
"PdbConfig","DateModified","datetime","","YES","",""
"PdbConfig","SynchWriteDate","datetime","","YES","",""
"PdbConfig_Local","Name","nvarchar","20","NO","PK",""
"PdbConfig_Local","ConfigValue","nvarchar","-1","YES","",""
"PdbExtDoc","ExtDocGUID","nvarchar","20","NO","PK","GUID"
"PdbExtDoc","ExtDoc","varbinary","-1","YES","",""
"PdbExtDoc","FileName","nvarchar","100","YES","",""
"PdbExtDoc","Misc0","nvarchar","100","YES","",""
"PdbExtDoc","Misc1","nvarchar","100","YES","",""
"PdbExtDoc","Misc2","nvarchar","100","YES","",""
"PdbExtDoc","Misc3","nvarchar","100","YES","",""
"PdbExtDoc","DateModified","datetime","","YES","",""
"PdbExtDoc","DateCreated","datetime","","YES","",""
"PdbExtDoc","DateSynch","datetime","","YES","",""
"PdbExtDoc","bIsDel","int","","YES","",""
"PdbExtDoc","DeleteInfo","nvarchar","62","YES","",""
"PdbExtDoc","LastModBy","nvarchar","20","YES","",""
"PdbExtDoc","CreatorGuid","nvarchar","20","YES","","GUID"
"PdbExtDoc","ItemGUID","nvarchar","20","YES","","GUID"
"PdbExtDoc","DocType","int","","YES","",""
"PdbExtDoc","eStorageBehavior","int","","YES","",""
"PdbExtDoc","StoragePath","nvarchar","100","YES","",""
"PdbExtDoc","SynchWriteDate","datetime","","YES","",""
"PdbExtDoc","StatFlg","int","","YES","",""
"PdbExtDoc","bLocked","tinyint","","YES","",""
"PdbExtDoc","LockInfo","nvarchar","-1","YES","",""
"PdbExtDocArchive","ExtDocGUID","nvarchar","20","NO","PK","GUID"
"PdbExtDocArchive","DateModified","datetime","","NO","PK",""
"PdbExtDocArchive","ExtDoc","varbinary","-1","YES","",""
"PdbExtDocArchive","FileName","nvarchar","100","YES","",""
"PdbExtDocArchive","Misc0","nvarchar","100","YES","",""
"PdbExtDocArchive","Misc1","nvarchar","100","YES","",""
"PdbExtDocArchive","Misc2","nvarchar","100","YES","",""
"PdbExtDocArchive","Misc3","nvarchar","100","YES","",""
"PdbExtDocArchive","DateCreated","datetime","","YES","",""
"PdbExtDocArchive","DateSynch","datetime","","YES","",""
"PdbExtDocArchive","bIsDel","int","","YES","",""
"PdbExtDocArchive","DeleteInfo","nvarchar","62","YES","",""
"PdbExtDocArchive","LastModBy","nvarchar","20","YES","",""
"PdbExtDocArchive","CreatorGuid","nvarchar","20","YES","","GUID"
"PdbExtDocArchive","ItemGUID","nvarchar","20","YES","","GUID"
"PdbExtDocArchive","DocType","int","","YES","",""
"PdbExtDocArchive","DateArchived","datetime","","YES","",""
"PdbExtDocArchive","SynchWriteDate","datetime","","YES","",""
"PdbExtDocArchive","StatFlg","int","","YES","",""
"PdbExtDocArchive","bLocked","tinyint","","YES","",""
"PdbExtDocArchive","LockInfo","nvarchar","-1","YES","",""
"PdbFormArchive","ArchivedDeviceGuid","nvarchar","20","NO","PK","GUID"
"PdbFormArchive","OrigDeviceGuid","nvarchar","20","YES","","GUID"
"PdbFormArchive","TemplateCrc","int","","YES","",""
"PdbFormArchive","TemplateDefinition","varbinary","-1","YES","",""
"PdbFormArchive","DateCreated","datetime","","YES","",""
"PdbFormArchive","DateSynch","datetime","","YES","",""
"PdbFormArchive","SynchWriteDate","datetime","","YES","",""
"PdbFormArchive","StatFlg","int","","YES","",""
"PdbFormArchive","bLocked","tinyint","","YES","",""
"PdbFormArchive","LockInfo","nvarchar","-1","YES","",""
"PdbJob","JobGUID","nvarchar","20","NO","PK","GUID"
"PdbJob","JobNumber","nvarchar","80","YES","",""
"PdbJob","MgrUserGUID","nvarchar","20","YES","","GUID"
"PdbJob","CreatorUserGUID","nvarchar","20","YES","","GUID"
"PdbJob","DateCreated","datetime","","YES","",""
"PdbJob","DateModified","datetime","","YES","",""
"PdbJob","DateRetrieved","datetime","","YES","",""
"PdbJob","TempCorrection","int","","YES","",""
"PdbJob","Description","nvarchar","-1","YES","",""
"PdbJob","CustCompanyGUID","nvarchar","20","YES","","GUID"
"PdbJob","CustAddrGUID","nvarchar","20","YES","","GUID"
"PdbJob","UserCompanyGUID","nvarchar","20","YES","","GUID"
"PdbJob","UserAddrGUID","nvarchar","20","YES","","GUID"
"PdbJob","EqmtAddrGUID","nvarchar","20","YES","","GUID"
"PdbJob","Info1","nvarchar","40","YES","",""
"PdbJob","Info2","nvarchar","40","YES","",""
"PdbJob","Info3","nvarchar","40","YES","",""
"PdbJob","Info4","nvarchar","40","YES","",""
"PdbJob","Info5","nvarchar","40","YES","",""
"PdbJob","Info6","nvarchar","40","YES","",""
"PdbJob","Info7","nvarchar","40","YES","",""
"PdbJob","Info8","nvarchar","40","YES","",""
"PdbJob","Info9","nvarchar","40","YES","",""
"PdbJob","Info10","nvarchar","40","YES","",""
"PdbJob","bInvoiceComplete","int","","YES","",""
"PdbJob","bReportsSent","int","","YES","",""
"PdbJob","ArchiveLocation","nvarchar","-1","YES","",""
"PdbJob","DateSynch","datetime","","YES","",""
"PdbJob","bIsDel","int","","YES","",""
"PdbJob","DeleteInfo","nvarchar","62","YES","",""
"PdbJob","bComplete","tinyint","","YES","",""
"PdbJob","bAllowWeb","tinyint","","YES","",""
"PdbJob","RegionGuid","nvarchar","20","YES","","GUID"
"PdbJob","RegionDate","datetime","","YES","",""
"PdbJob","TargetStartDate","datetime","","YES","",""
"PdbJob","DueDate","datetime","","YES","",""
"PdbJob","LastTouched","datetime","","YES","",""
"PdbJob","bInterExtDoc","tinyint","","YES","",""
"PdbJob","LastModBy","nvarchar","20","YES","",""
"PdbJob","CreatorGuid","nvarchar","20","YES","","GUID"
"PdbJob","WhoCompGuid","nvarchar","20","YES","","GUID"
"PdbJob","CompletedDate","datetime","","YES","",""
"PdbJob","SynchWriteDate","datetime","","YES","",""
"PdbJob","StatFlg","int","","YES","",""
"PdbJob","bLocked","tinyint","","YES","",""
"PdbJob","LockInfo","nvarchar","-1","YES","",""
"PdbJob_Print_Order","JobGUID","nvarchar","20","NO","PK","GUID"
"PdbJob_Print_Order","DateModified","datetime","","YES","",""
"PdbJob_Print_Order","bNumberPages","tinyint","","YES","",""
"PdbJob_Print_Order","bIncludePageCount","tinyint","","YES","",""
"PdbJob_Print_Order","SqlSortStr","nvarchar","-1","YES","",""
"PdbJob_Print_Order","bHoldNumPgs","tinyint","","YES","",""
"PdbJob_Print_Order","SynchWriteDate","datetime","","YES","",""
"PdbJobArchive","JobGUID","nvarchar","20","NO","PK","GUID"
"PdbJobArchive","DateModified","datetime","","NO","PK",""
"PdbJobArchive","JobNumber","nvarchar","80","YES","",""
"PdbJobArchive","MgrUserGUID","nvarchar","20","YES","","GUID"
"PdbJobArchive","CreatorUserGUID","nvarchar","20","YES","","GUID"
"PdbJobArchive","DateCreated","datetime","","YES","",""
"PdbJobArchive","DateRetrieved","datetime","","YES","",""
"PdbJobArchive","TempCorrection","int","","YES","",""
"PdbJobArchive","Description","nvarchar","-1","YES","",""
"PdbJobArchive","CustCompanyGUID","nvarchar","20","YES","","GUID"
"PdbJobArchive","CustAddrGUID","nvarchar","20","YES","","GUID"
"PdbJobArchive","UserCompanyGUID","nvarchar","20","YES","","GUID"
"PdbJobArchive","UserAddrGUID","nvarchar","20","YES","","GUID"
"PdbJobArchive","EqmtAddrGUID","nvarchar","20","YES","","GUID"
"PdbJobArchive","Info1","nvarchar","40","YES","",""
"PdbJobArchive","Info2","nvarchar","40","YES","",""
"PdbJobArchive","Info3","nvarchar","40","YES","",""
"PdbJobArchive","Info4","nvarchar","40","YES","",""
"PdbJobArchive","Info5","nvarchar","40","YES","",""
"PdbJobArchive","Info6","nvarchar","40","YES","",""
"PdbJobArchive","Info7","nvarchar","40","YES","",""
"PdbJobArchive","Info8","nvarchar","40","YES","",""
"PdbJobArchive","Info9","nvarchar","40","YES","",""
"PdbJobArchive","Info10","nvarchar","40","YES","",""
"PdbJobArchive","bInvoiceComplete","int","","YES","",""
"PdbJobArchive","bReportsSent","int","","YES","",""
"PdbJobArchive","ArchiveLocation","nvarchar","-1","YES","",""
"PdbJobArchive","DateSynch","datetime","","YES","",""
"PdbJobArchive","bIsDel","int","","YES","",""
"PdbJobArchive","DeleteInfo","nvarchar","62","YES","",""
"PdbJobArchive","bComplete","tinyint","","YES","",""
"PdbJobArchive","bAllowWeb","tinyint","","YES","",""
"PdbJobArchive","RegionGuid","nvarchar","20","YES","","GUID"
"PdbJobArchive","RegionDate","datetime","","YES","",""
"PdbJobArchive","TargetStartDate","datetime","","YES","",""
"PdbJobArchive","DueDate","datetime","","YES","",""
"PdbJobArchive","LastTouched","datetime","","YES","",""
"PdbJobArchive","bInterExtDoc","tinyint","","YES","",""
"PdbJobArchive","LastModBy","nvarchar","20","YES","",""
"PdbJobArchive","CreatorGuid","nvarchar","20","YES","","GUID"
"PdbJobArchive","WhoCompGuid","nvarchar","20","YES","","GUID"
"PdbJobArchive","DateArchived","datetime","","YES","",""
"PdbJobArchive","CompletedDate","datetime","","YES","",""
"PdbJobArchive","SynchWriteDate","datetime","","YES","",""
"PdbJobArchive","StatFlg","int","","YES","",""
"PdbJobArchive","bLocked","tinyint","","YES","",""
"PdbJobArchive","LockInfo","nvarchar","-1","YES","",""
"PdbJobEquipment","JobGUID","nvarchar","20","NO","PK","GUID"
"PdbJobEquipment","RelayGUID","nvarchar","20","NO","PK","GUID"
"PdbJobEquipment","DateCreated","datetime","","YES","",""
"PdbJobEquipment","DateModified","datetime","","YES","",""
"PdbJobEquipment","DateSynch","datetime","","YES","",""
"PdbJobEquipment","bIsDel","int","","YES","",""
"PdbJobEquipment","DeleteInfo","nvarchar","62","YES","",""
"PdbJobEquipment","AddingUserGUID","nvarchar","20","YES","","GUID"
"PdbJobEquipment","LastModBy","nvarchar","20","YES","",""
"PdbJobEquipment","TreeOrder","int","","YES","",""
"PdbJobEquipment","SynchWriteDate","datetime","","YES","",""
"PdbJobEquipment","StatFlg","int","","YES","",""
"PdbJobEquipment","bLocked","tinyint","","YES","",""
"PdbJobEquipment","LockInfo","nvarchar","-1","YES","",""
"PdbJobInfo","JobGUID","nvarchar","20","NO","PK","GUID"
"PdbJobInfo","Variable","nvarchar","50","NO","PK",""
"PdbJobInfo","StrVal","nvarchar","255","YES","",""
"PdbJobInfo","bCleared","int","","YES","",""
"PdbJobInfo","DateModified","datetime","","YES","",""
"PdbJobInfo","SynchWriteDate","datetime","","YES","",""
"PdbRegions","RegionGUID","nvarchar","20","NO","PK","GUID"
"PdbRegions","RegionDescrip","nvarchar","100","YES","",""
"PdbRegions","DateModified","datetime","","YES","",""
"PdbRegions","DateCreated","datetime","","YES","",""
"PdbRegions","DateSynch","datetime","","YES","",""
"PdbRegions","bIsActive","int","","YES","",""
"PdbRegions","bIsDel","int","","YES","",""
"PdbRegions","DeleteInfo","nvarchar","62","YES","",""
"PdbRegions","SynchWriteDate","datetime","","YES","",""
"PdbResultCompliance","ResultComplianceGUID","nvarchar","20","NO","PK","GUID"
"PdbResultCompliance","ResultsGUID","nvarchar","20","YES","","GUID"
"PdbResultCompliance","CategoryGUID","nvarchar","20","YES","","GUID"
"PdbResultCompliance","SubCategoryGUID","nvarchar","20","YES","","GUID"
"PdbResultCompliance","UserNum0","int","","YES","",""
"PdbResultCompliance","UserNum1","int","","YES","",""
"PdbResultCompliance","UserNum2","int","","YES","",""
"PdbResultCompliance","UserStr0","nvarchar","80","YES","",""
"PdbResultCompliance","UserStr1","nvarchar","80","YES","",""
"PdbResultCompliance","UserStr2","nvarchar","80","YES","",""
"PdbResultCompliance","bIsDel","int","","YES","",""
"PdbResultCompliance","DeleteInfo","nvarchar","62","YES","",""
"PdbResultCompliance","DateModified","datetime","","YES","",""
"PdbResultCompliance","DateCreated","datetime","","YES","",""
"PdbResultCompliance","SynchWriteDate","datetime","","YES","",""
"PdbResultCompliance","StatFlg","int","","YES","",""
"PdbResultCompliance","bLocked","tinyint","","YES","",""
"PdbResultCompliance","LockInfo","nvarchar","-1","YES","",""
"PdbSmartField","SfTag","nvarchar","20","NO","PK",""
"PdbSmartField","SfDescr","nvarchar","40","YES","",""
"PdbSmartField","DateModified","datetime","","YES","",""
"PdbSmartField","DepDescr","nvarchar","255","YES","",""
"PdbSmartField","bIsDel","tinyint","","YES","",""
"PdbSmartField","DeleteInfo","nvarchar","62","YES","",""
"PdbSmartField","bList","tinyint","","YES","",""
"PdbSmartFieldDep","DepId","int","","NO","PK",""
"PdbSmartFieldDep","SfTag","nvarchar","20","NO","PK",""
"PdbSmartFieldDep","DepValues","nvarchar","128","NO","PK",""
"PdbSmartValuesDbl","DepId","int","","NO","PK",""
"PdbSmartValuesDbl","dValue","float","","NO","PK",""
"PdbSmartValuesDbl","RepCount","int","","YES","",""
"PdbSmartValuesDbl","RepCountLastSync","int","","YES","",""
"PdbSmartValuesDbl","bIsDel","tinyint","","YES","",""
"PdbSmartValuesStr","DepId","int","","NO","PK",""
"PdbSmartValuesStr","StrValue","nvarchar","80","NO","PK",""
"PdbSmartValuesStr","DateModified","datetime","","YES","",""
"PdbSmartValuesStr","bIsDel","tinyint","","YES","",""
"PdbSubCategory","SubCategoryGUID","nvarchar","20","NO","PK","GUID"
"PdbSubCategory","CategoryGUID","nvarchar","20","YES","","GUID"
"PdbSubCategory","Name","nvarchar","80","YES","",""
"PdbSubCategory","UserNum0","int","","YES","",""
"PdbSubCategory","UserNum1","int","","YES","",""
"PdbSubCategory","UserNum2","int","","YES","",""
"PdbSubCategory","UserStr0","nvarchar","80","YES","",""
"PdbSubCategory","UserStr1","nvarchar","80","YES","",""
"PdbSubCategory","UserStr2","nvarchar","80","YES","",""
"PdbSubCategory","bIsDel","int","","YES","",""
"PdbSubCategory","DeleteInfo","nvarchar","62","YES","",""
"PdbSubCategory","MaintenanceInterval","int","","YES","",""
"PdbSubCategory","Risk","int","","YES","",""
"PdbSubCategory","eMaintenancePeriodType","int","","YES","",""
"PdbSubCategory","bMaintenanceAbs","tinyint","","YES","",""
"PdbSubCategory","DateModified","datetime","","YES","",""
"PdbSubCategory","DateCreated","datetime","","YES","",""
"PdbSubCategory","SynchWriteDate","datetime","","YES","",""
"PdbSubCategory","StatFlg","int","","YES","",""
"PdbSubCategory","bLocked","tinyint","","YES","",""
"PdbSubCategory","LockInfo","nvarchar","-1","YES","",""
"PdbSynchTrack","SynchGUID","nvarchar","20","NO","PK","GUID"
"PdbSynchTrack","RegionGUID","nvarchar","20","NO","PK","GUID"
"PdbSynchTrack","Date","datetime","","YES","",""
"PdbSynchTrack","EndDate","datetime","","YES","",""
"PdbSynchTrack","UserGUID","nvarchar","20","YES","","GUID"
"PdbTemplate","TemplateGUID","nvarchar","20","NO","PK","GUID"
"PdbTemplate","Name","nvarchar","75","YES","",""
"PdbTemplate","Definition","varbinary","-1","YES","",""
"PdbTemplate","DateModified","datetime","","YES","",""
"PdbTemplate","DateCreated","datetime","","YES","",""
"PdbTemplate","DateSynch","datetime","","YES","",""
"PdbTemplate","bIsDel","int","","YES","",""
"PdbTemplate","DeleteInfo","nvarchar","62","YES","",""
"PdbTemplate","bIsRetired","tinyint","","YES","",""
"PdbTemplate","bOptimaForm","tinyint","","YES","",""
"PdbTemplate","bSuggestUpdate","tinyint","","YES","",""
"PdbTemplate","LastModBy","nvarchar","20","YES","",""
"PdbTemplate","CreatorGuid","nvarchar","20","YES","","GUID"
"PdbTemplate","TemplatesUsed","nvarchar","-1","YES","",""
"PdbTemplate","ExternalTemplates","nvarchar","-1","YES","",""
"PdbTemplate","TemplateFamily","nvarchar","75","YES","",""
"PdbTemplate","TemplateManu","nvarchar","75","YES","",""
"PdbTemplate","bIsLocalForm","int","","YES","",""
"PdbTemplate","SynchWriteDate","datetime","","YES","",""
"PdbTemplate","StatFlg","int","","YES","",""
"PdbTemplate","bLocked","tinyint","","YES","",""
"PdbTemplate","LockInfo","nvarchar","-1","YES","",""
"PdbTestStatus","TestStatusGUID","nvarchar","20","NO","PK","GUID"
"PdbTestStatus","Name","nvarchar","35","YES","",""
"PdbTestStatus","ePassFail","int","","YES","",""
"PdbTestStatus","UserNum0","int","","YES","",""
"PdbTestStatus","UserNum1","int","","YES","",""
"PdbTestStatus","UserNum2","int","","YES","",""
"PdbTestStatus","UserStr0","nvarchar","80","YES","",""
"PdbTestStatus","UserStr1","nvarchar","80","YES","",""
"PdbTestStatus","UserStr2","nvarchar","80","YES","",""
"PdbTestStatus","bIsDel","int","","YES","",""
"PdbTestStatus","DeleteInfo","nvarchar","62","YES","",""
"PdbTestStatus","DateModified","datetime","","YES","",""
"PdbTestStatus","DateCreated","datetime","","YES","",""
"PdbTestStatus","SynchWriteDate","datetime","","YES","",""
"PdbTestStatus","StatFlg","int","","YES","",""
"PdbTestStatus","bLocked","tinyint","","YES","",""
"PdbTestStatus","LockInfo","nvarchar","-1","YES","",""
"PdbTrendInfo","eItemType","int","","NO","PK",""
"PdbTrendInfo","ItemGUID","nvarchar","20","NO","PK","GUID"
"PdbTrendInfo","TrendCriteria","nvarchar","-1","YES","",""
"PdbTrendInfo","DateModified","datetime","","YES","",""
"PdbTrendInfo","DateCreated","datetime","","YES","",""
"PdbTrendInfo","DateSynch","datetime","","YES","",""
"PdbTrendInfo","bIsDel","int","","YES","",""
"PdbTrendInfo","DeleteInfo","nvarchar","62","YES","",""
"PdbTrendInfo","LastModBy","nvarchar","20","YES","",""
"PdbTrendInfo","CreatorGuid","nvarchar","20","YES","","GUID"
"PdbTrendInfo","SynchWriteDate","datetime","","YES","",""
"PdbTrendInfo","StatFlg","int","","YES","",""
"PdbTrendInfo","bLocked","tinyint","","YES","",""
"PdbTrendInfo","LockInfo","nvarchar","-1","YES","",""
"PdbUserAccount","UserGUID","nvarchar","20","NO","PK","GUID"
"PdbUserAccount","UserName","nvarchar","80","YES","",""
"PdbUserAccount","FullName","nvarchar","160","YES","",""
"PdbUserAccount","Description","nvarchar","160","YES","",""
"PdbUserAccount","Passwrd","nvarchar","120","YES","",""
"PdbUserAccount","Privilege","int","","YES","",""
"PdbUserAccount","bUserMustChange","int","","YES","",""
"PdbUserAccount","bUserCannotChange","int","","YES","",""
"PdbUserAccount","bAccountDisabled","int","","YES","",""
"PdbUserAccount","DateModified","datetime","","YES","",""
"PdbUserAccount","DateCreated","datetime","","YES","",""
"PdbUserAccount","DateSynch","datetime","","YES","",""
"PdbUserAccount","bIsDel","int","","YES","",""
"PdbUserAccount","DeleteInfo","nvarchar","62","YES","",""
"PdbUserAccount","RegionGuid","nvarchar","20","YES","","GUID"
"PdbUserAccount","RegionDate","datetime","","YES","",""
"PdbUserAccount","PhoneNo","nvarchar","-1","YES","",""
"PdbUserAccount","Email","nvarchar","-1","YES","",""
"PdbUserAccount","CustomInfo1","nvarchar","-1","YES","",""
"PdbUserAccount","CustomInfo2","nvarchar","-1","YES","",""
"PdbUserAccount","CustomInfo3","nvarchar","-1","YES","",""
"PdbUserAccount","LastModBy","nvarchar","20","YES","",""
"PdbUserAccount","CreatorGuid","nvarchar","20","YES","","GUID"
"PdbUserAccount","PswdChngDate","datetime","","YES","",""
"PdbUserAccount","PrevPasswrd1","nvarchar","120","YES","",""
"PdbUserAccount","PrevPasswrd2","nvarchar","120","YES","",""
"PdbUserAccount","PrevPasswrd3","nvarchar","120","YES","",""
"PdbUserAccount","PrevPasswrd4","nvarchar","120","YES","",""
"PdbUserAccount","FeatureMask","int","","YES","",""
"PdbUserAccount","AdSid","nvarchar","200","YES","",""
"PdbUserAccount","SynchWriteDate","datetime","","YES","",""
"PdbUserAccount","StatFlg","int","","YES","",""
"PdbUserAccount","bLocked","tinyint","","YES","",""
"PdbUserAccount","LockInfo","nvarchar","-1","YES","",""
"Relay","RelayGUID","nvarchar","20","NO","PK","GUID"
"Relay","RelayName","nvarchar","80","YES","",""
"Relay","AssetID","nvarchar","80","YES","",""
"Relay","BarcodeId","nvarchar","80","YES","",""
"Relay","DeviceGUID","nvarchar","20","YES","","GUID"
"Relay","Org1","nvarchar","80","YES","",""
"Relay","Org2","nvarchar","80","YES","",""
"Relay","Org3","nvarchar","80","YES","",""
"Relay","Org4","nvarchar","80","YES","",""
"Relay","Org5","nvarchar","80","YES","",""
"Relay","Org6","nvarchar","80","YES","",""
"Relay","Org7","nvarchar","80","YES","",""
"Relay","Org8","nvarchar","80","YES","",""
"Relay","ModDate","datetime","","YES","",""
"Relay","CreateDate","datetime","","YES","",""
"Relay","LastTestDate","datetime","","YES","",""
"Relay","MaintPeriod","int","","YES","",""
"Relay","Notes","nvarchar","80","YES","",""
"Relay","LastResultsGUID","nvarchar","20","YES","","GUID"
"Relay","PrimaryGroup","nvarchar","16","YES","",""
"Relay","CustCompanyGUID","nvarchar","20","YES","","GUID"
"Relay","CustAddrGUID","nvarchar","20","YES","","GUID"
"Relay","UserCompanyGUID","nvarchar","20","YES","","GUID"
"Relay","UserAddrGUID","nvarchar","20","YES","","GUID"
"Relay","EqmtAddrGUID","nvarchar","20","YES","","GUID"
"Relay","DateSynch","datetime","","YES","",""
"Relay","bIsDel","int","","YES","",""
"Relay","DeleteInfo","nvarchar","62","YES","",""
"Relay","RegionGuid","nvarchar","20","YES","","GUID"
"Relay","RegionDate","datetime","","YES","",""
"Relay","EqType","nvarchar","50","YES","",""
"Relay","LastModBy","nvarchar","20","YES","",""
"Relay","CreatorGuid","nvarchar","20","YES","","GUID"
"Relay","ParentID","nvarchar","20","YES","",""
"Relay","OrderKey","int","","YES","",""
"Relay","InstallDate","datetime","","YES","",""
"Relay","EqCatNERC","int","","YES","",""
"Relay","EqCatFERC","int","","YES","",""
"Relay","EqCat1","int","","YES","",""
"Relay","EqCat2","int","","YES","",""
"Relay","EqCat3","int","","YES","",""
"Relay","EqCat4","int","","YES","",""
"Relay","BarcodeEx","nvarchar","-1","YES","",""
"Relay","DrawingNumber","nvarchar","50","YES","",""
"Relay","GpsLat","float","","YES","",""
"Relay","GpsLong","float","","YES","",""
"Relay","FolderGUID","nvarchar","20","YES","","GUID"
"Relay","OrderWeight","int","","YES","",""
"Relay","RetiredDate","datetime","","YES","",""
"Relay","eServiceStatus","int","","YES","",""
"Relay","SynchWriteDate","datetime","","YES","",""
"Relay","StatFlg","int","","YES","",""
"Relay","bLocked","tinyint","","YES","",""
"Relay","LockInfo","nvarchar","-1","YES","",""
"Relay_Org","OrgLevel","int","","NO","PK",""
"Relay_Org","Label","nvarchar","40","YES","",""
"Relay_Org_GroupLabels","GroupLabel_Org1","nvarchar","16","YES","",""
"Relay_Org_GroupLabels","GroupLabel_Org2","nvarchar","16","YES","",""
"Relay_Org_GroupLabels","GroupLabel_Org3","nvarchar","16","YES","",""
"Relay_Org_GroupLabels","GroupLabel_Org4","nvarchar","16","YES","",""
"Relay_Org_GroupLabels","GroupLabel_Org5","nvarchar","16","YES","",""
"Relay_Org_GroupLabels","GroupLabel_Org6","nvarchar","16","YES","",""
"Relay_Org_GroupLabels","GroupLabel_Org7","nvarchar","16","YES","",""
"Relay_Org_GroupLabels","GroupLabel_Org8","nvarchar","16","YES","",""
"Relay_Settings","RelayGUID","nvarchar","20","NO","PK","GUID"
"Relay_Settings","GroupName","nvarchar","40","NO","PK",""
"Relay_Settings","SettingName","nvarchar","40","NO","PK",""
"Relay_Settings","Comments","nvarchar","255","YES","",""
"Relay_Settings","GroupOrder","int","","YES","",""
"Relay_Settings","SettingOrder","int","","YES","",""
"Relay_Settings","EnumStrings","nvarchar","255","YES","",""
"Relay_Settings","TypeOfData","nvarchar","50","YES","",""
"Relay_Settings","MinValue","float","","YES","",""
"Relay_Settings","MaxValue","float","","YES","",""
"Relay_Settings","DoubleValue","float","","YES","",""
"Relay_Settings","StringValue","nvarchar","80","YES","",""
"Relay_Settings","bInitialized","int","","YES","",""
"RelayArchive","RelayGUID","nvarchar","20","NO","PK","GUID"
"RelayArchive","ModDate","datetime","","NO","PK",""
"RelayArchive","RelayName","nvarchar","80","YES","",""
"RelayArchive","AssetID","nvarchar","80","YES","",""
"RelayArchive","BarcodeId","nvarchar","80","YES","",""
"RelayArchive","DeviceGUID","nvarchar","20","YES","","GUID"
"RelayArchive","Org1","nvarchar","80","YES","",""
"RelayArchive","Org2","nvarchar","80","YES","",""
"RelayArchive","Org3","nvarchar","80","YES","",""
"RelayArchive","Org4","nvarchar","80","YES","",""
"RelayArchive","Org5","nvarchar","80","YES","",""
"RelayArchive","Org6","nvarchar","80","YES","",""
"RelayArchive","Org7","nvarchar","80","YES","",""
"RelayArchive","Org8","nvarchar","80","YES","",""
"RelayArchive","CreateDate","datetime","","YES","",""
"RelayArchive","LastTestDate","datetime","","YES","",""
"RelayArchive","MaintPeriod","int","","YES","",""
"RelayArchive","Notes","nvarchar","80","YES","",""
"RelayArchive","LastResultsGUID","nvarchar","20","YES","","GUID"
"RelayArchive","PrimaryGroup","nvarchar","16","YES","",""
"RelayArchive","CustCompanyGUID","nvarchar","20","YES","","GUID"
"RelayArchive","CustAddrGUID","nvarchar","20","YES","","GUID"
"RelayArchive","UserCompanyGUID","nvarchar","20","YES","","GUID"
"RelayArchive","UserAddrGUID","nvarchar","20","YES","","GUID"
"RelayArchive","EqmtAddrGUID","nvarchar","20","YES","","GUID"
"RelayArchive","DateSynch","datetime","","YES","",""
"RelayArchive","bIsDel","int","","YES","",""
"RelayArchive","DeleteInfo","nvarchar","62","YES","",""
"RelayArchive","RegionGuid","nvarchar","20","YES","","GUID"
"RelayArchive","RegionDate","datetime","","YES","",""
"RelayArchive","EqType","nvarchar","50","YES","",""
"RelayArchive","LastModBy","nvarchar","20","YES","",""
"RelayArchive","CreatorGuid","nvarchar","20","YES","","GUID"
"RelayArchive","ParentID","nvarchar","20","YES","",""
"RelayArchive","OrderKey","int","","YES","",""
"RelayArchive","InstallDate","datetime","","YES","",""
"RelayArchive","EqCatNERC","int","","YES","",""
"RelayArchive","EqCatFERC","int","","YES","",""
"RelayArchive","EqCat1","int","","YES","",""
"RelayArchive","EqCat2","int","","YES","",""
"RelayArchive","EqCat3","int","","YES","",""
"RelayArchive","EqCat4","int","","YES","",""
"RelayArchive","BarcodeEx","nvarchar","-1","YES","",""
"RelayArchive","DrawingNumber","nvarchar","50","YES","",""
"RelayArchive","GpsLat","float","","YES","",""
"RelayArchive","GpsLong","float","","YES","",""
"RelayArchive","FolderGUID","nvarchar","20","YES","","GUID"
"RelayArchive","OrderWeight","int","","YES","",""
"RelayArchive","DateArchived","datetime","","YES","",""
"RelayArchive","RetiredDate","datetime","","YES","",""
"RelayArchive","eServiceStatus","int","","YES","",""
"RelayArchive","SynchWriteDate","datetime","","YES","",""
"RelayArchive","StatFlg","int","","YES","",""
"RelayArchive","bLocked","tinyint","","YES","",""
"RelayArchive","LockInfo","nvarchar","-1","YES","",""
"RelayManufModel","RelayGUID","nvarchar","20","NO","PK","GUID"
"RelayManufModel","ManufData","nvarchar","80","YES","",""
"RelayManufModel","ModelData","nvarchar","80","YES","",""
"RelayManufModel","DateModified","datetime","","YES","",""
"RelayManufModel","UserGUID","nvarchar","80","YES","","GUID"
"RelayManufModel","SynchWriteDate","datetime","","YES","",""
"ResultAttribute","ResultsGUID","nvarchar","20","NO","PK","GUID"
"ResultAttribute","Name","nvarchar","100","NO","PK",""
"ResultAttribute","StrVal","nvarchar","255","YES","",""
"ResultAttribute","FpVal","float","","YES","",""
"ResultAttribute","DateModified","datetime","","YES","",""
"ResultAttribute","SynchWriteDate","datetime","","YES","",""
"ResultAttribute","Type","int","","YES","",""
"ResultAttribute","LastModBy","nvarchar","20","YES","",""
"Results_Digital","TestId","int","","YES","",""
"Results_Digital","EventNumber","int","","YES","",""
"Results_Digital","EventTime","float","","YES","",""
"Results_Digital","InputMask","int","","YES","",""
"Results_Digital","OutputMask","int","","YES","",""
"Results_Digital","TcmIndex","int","","YES","",""
"Results_FP","ColumnId","int","","NO","PK",""
"Results_FP","RecordNdx","int","","NO","PK",""
"Results_FP","FpValue","float","","YES","",""
"Results_Graph","TestId","int","","YES","",""
"Results_Graph","GraphImage","varbinary","-1","YES","",""
"Results_Header","ResultsGUID","nvarchar","20","NO","PK","GUID"
"Results_Header","RelayGUID","nvarchar","20","YES","","GUID"
"Results_Header","TestDate","datetime","","YES","",""
"Results_Header","FormTestDate","datetime","","YES","",""
"Results_Header","FormTestTime","datetime","","YES","",""
"Results_Header","Tester","nvarchar","80","YES","",""
"Results_Header","JobGUID","nvarchar","20","YES","","GUID"
"Results_Header","ValueCrc","int","","YES","",""
"Results_Header","EquipmentLocation","nvarchar","80","YES","",""
"Results_Header","NumOfPages","int","","YES","",""
"Results_Header","DataEntrySeconds","int","","YES","",""
"Results_Header","DateCreated","datetime","","YES","",""
"Results_Header","Comments","nvarchar","-1","YES","",""
"Results_Header","Deficiencies","nvarchar","-1","YES","",""
"Results_Header","Recommendations","nvarchar","-1","YES","",""
"Results_Header","CorrectiveActions","nvarchar","-1","YES","",""
"Results_Header","Org1","nvarchar","80","YES","",""
"Results_Header","Org2","nvarchar","80","YES","",""
"Results_Header","Org3","nvarchar","80","YES","",""
"Results_Header","Org4","nvarchar","80","YES","",""
"Results_Header","Org5","nvarchar","80","YES","",""
"Results_Header","Org6","nvarchar","80","YES","",""
"Results_Header","Org7","nvarchar","80","YES","",""
"Results_Header","Org8","nvarchar","80","YES","",""
"Results_Header","ResultDataObj","varbinary","-1","YES","",""
"Results_Header","SettingsDataObj","varbinary","-1","YES","",""
"Results_Header","GenDataObj","varbinary","-1","YES","",""
"Results_Header","NpDataObj","varbinary","-1","YES","",""
"Results_Header","NpManDataObj","varbinary","-1","YES","",""
"Results_Header","NpMdlDataObj","varbinary","-1","YES","",""
"Results_Header","TrendDataObj","varbinary","-1","YES","",""
"Results_Header","TrendTags","nvarchar","-1","YES","",""
"Results_Header","SerialNum","nvarchar","-1","YES","",""
"Results_Header","DateSynch","datetime","","YES","",""
"Results_Header","bIsDel","int","","YES","",""
"Results_Header","DeleteInfo","nvarchar","62","YES","",""
"Results_Header","bComplete","tinyint","","YES","",""
"Results_Header","UserDate0","datetime","","YES","",""
"Results_Header","UserDate1","datetime","","YES","",""
"Results_Header","UserDate2","datetime","","YES","",""
"Results_Header","UserNum0","int","","YES","",""
"Results_Header","UserNum1","int","","YES","",""
"Results_Header","UserNum2","int","","YES","",""
"Results_Header","UserNum3","int","","YES","",""
"Results_Header","UserNum4","int","","YES","",""
"Results_Header","UserStr0","nvarchar","80","YES","",""
"Results_Header","UserStr1","nvarchar","80","YES","",""
"Results_Header","UserStr2","nvarchar","80","YES","",""
"Results_Header","UserStr3","nvarchar","80","YES","",""
"Results_Header","UserStr4","nvarchar","80","YES","",""
"Results_Header","UserStr5","nvarchar","80","YES","",""
"Results_Header","UserStr6","nvarchar","80","YES","",""
"Results_Header","UserStr7","nvarchar","80","YES","",""
"Results_Header","UserStr8","nvarchar","80","YES","",""
"Results_Header","UserStr9","nvarchar","80","YES","",""
"Results_Header","RegionGuid","nvarchar","20","YES","","GUID"
"Results_Header","RegionDate","datetime","","YES","",""
"Results_Header","DeviceGuid","nvarchar","20","YES","","GUID"
"Results_Header","ArchivedDeviceGuid","nvarchar","20","YES","","GUID"
"Results_Header","LastModBy","nvarchar","20","YES","",""
"Results_Header","CreatorGuid","nvarchar","20","YES","","GUID"
"Results_Header","EqUsed","nvarchar","-1","YES","",""
"Results_Header","XmlData","nvarchar","-1","YES","",""
"Results_Header","WhoCompGuid","nvarchar","20","YES","","GUID"
"Results_Header","LastRptDate","datetime","","YES","",""
"Results_Header","AsFoundAsLeft","nvarchar","6","YES","",""
"Results_Header","eReviewStatus","int","","YES","",""
"Results_Header","TestStatusGUID","nvarchar","20","YES","","GUID"
"Results_Header","SynchWriteDate","datetime","","YES","",""
"Results_Header","StatFlg","int","","YES","",""
"Results_Header","bLocked","tinyint","","YES","",""
"Results_Header","LockInfo","nvarchar","-1","YES","",""
"Results_Info","ColumnId","int","","NO","PK",""
"Results_Info","TestId","int","","YES","",""
"Results_Info","Variable","nvarchar","50","YES","",""
"Results_Info","DisplayOrder","int","","YES","",""
"Results_Info","Units","nvarchar","50","YES","",""
"Results_Info","DecimalPlaces","int","","YES","",""
"Results_Info","IncludeInReport","int","","YES","",""
"Results_Info","ValAlignment","int","","YES","",""
"Results_Info","Width","int","","YES","",""
"Results_Info","Spaces","int","","YES","",""
"Results_Labels","TestId","int","","YES","",""
"Results_Labels","ColumnLabels","nvarchar","255","YES","",""
"Results_Labels","ColumnUnderscores","nvarchar","255","YES","",""
"Results_Print_Order","ResultsGUID","nvarchar","20","NO","PK","GUID"
"Results_Print_Order","OrderNum","int","","YES","",""
"Results_Print_Order","Weight","int","","YES","",""
"Results_Print_Order","bSupress","tinyint","","YES","",""
"Results_Print_Order","Prefix","nvarchar","10","YES","",""
"Results_Print_Order","SkipAfter","int","","YES","",""
"Results_Print_Order","PageNum","int","","YES","",""
"Results_Print_Order","PrefixPageCount","int","","YES","",""
"Results_Sequence","TestId","int","","NO","PK",""
"Results_Sequence","ResultsGUID","nvarchar","20","YES","","GUID"
"Results_Sequence","TestSeqNum","int","","YES","",""
"Results_Sequence","TestNumberId","int","","YES","",""
"Results_Sequence","GroupName","nvarchar","30","YES","",""
"Results_Sequence","TestName","nvarchar","100","YES","",""
"Results_Sequence","DisplayOrder","int","","YES","",""
"Results_Sequence","UnitsOnTop","int","","YES","",""
"Results_Sequence","Notes","nvarchar","80","YES","",""
"Results_Sequence","DisplayLabels","int","","YES","",""
"Results_Settings","ResultsGUID","nvarchar","20","NO","PK","GUID"
"Results_Settings","GroupName","nvarchar","50","NO","PK",""
"Results_Settings","SettingName","nvarchar","50","NO","PK",""
"Results_Settings","GroupDisplayOrder","int","","YES","",""
"Results_Settings","SettingDisplayOrder","int","","YES","",""
"Results_Settings","StringValue","nvarchar","80","YES","",""
"Results_Settings","Comments","nvarchar","255","YES","",""
"Results_Settings","bInitialized","int","","YES","",""
"Results_String","ColumnId","int","","NO","PK",""
"Results_String","RecordNdx","int","","NO","PK",""
"Results_String","StringValue","nvarchar","255","YES","",""
"Results_Values","TestId","int","","YES","",""
"Results_Values","RecordNdx","int","","YES","",""
"Results_Values","Col01","nvarchar","25","YES","",""
"Results_Values","Col02","nvarchar","25","YES","",""
"Results_Values","Col03","nvarchar","25","YES","",""
"Results_Values","Col04","nvarchar","25","YES","",""
"Results_Values","Col05","nvarchar","25","YES","",""
"Results_Values","Col06","nvarchar","25","YES","",""
"Results_Values","Col07","nvarchar","25","YES","",""
"Results_Values","Col08","nvarchar","25","YES","",""
"Results_Values","Col09","nvarchar","25","YES","",""
"Results_Values","Col10","nvarchar","25","YES","",""
"Results_Values","AllCols","nvarchar","100","YES","",""
"ResultsDelta","DeltaGUID","nvarchar","20","NO","PK","GUID"
"ResultsDelta","ResultsGUID","nvarchar","20","YES","","GUID"
"ResultsDelta","DeltaDate","datetime","","YES","",""
"ResultsDelta","UserGUID","nvarchar","80","YES","","GUID"
"ResultsDelta","DeltaData","nvarchar","-1","YES","",""
"ResultsDelta","DataEntrySeconds","int","","YES","",""
"ResultsDelta","SynchWriteDate","datetime","","YES","",""
"ResultsDeltaCompressed","DeltaGUID","nvarchar","20","NO","PK","GUID"
"ResultsDeltaCompressed","TagName","nvarchar","80","NO","PK",""
"ResultsDeltaCompressed","CompressedObj","varbinary","-1","YES","",""
"ResultsDeltaCompressed","ObjType","int","","YES","",""
"ResultsDeltaCompressed","ObjCrc","int","","YES","",""
"ResultsDeltaCompressed","SynchWriteDate","datetime","","YES","",""
"ResultsHdrBinary_HIST","ResultsGUID","nvarchar","20","NO","PK","GUID"
"ResultsHdrBinary_HIST","ResultDataObj","varbinary","-1","YES","",""
"ResultsHdrBinary_HIST","SettingsDataObj","varbinary","-1","YES","",""
"ResultsHdrBinary_HIST","GenDataObj","varbinary","-1","YES","",""
"ResultsHdrBinary_HIST","NpDataObj","varbinary","-1","YES","",""
"ResultsHdrBinary_HIST","NpManDataObj","varbinary","-1","YES","",""
"ResultsHdrBinary_HIST","NpMdlDataObj","varbinary","-1","YES","",""
"ResultsHdrBinary_HIST","TrendDataObj","varbinary","-1","YES","",""
"Test_Report","TestProcId","int","","NO","PK",""
"Test_Report","DeviceGUID","nvarchar","20","YES","","GUID"
"Test_Report","DisplayOrder","nvarchar","80","YES","",""
"Test_Report","TestName","nvarchar","80","YES","",""
"Test_Report","TestComments","nvarchar","80","YES","",""
"Test_Report_Attrib","ID","int","","NO","",""
"Test_Report_Attrib","ControlId","int","","YES","",""
"Test_Report_Attrib","Name","nvarchar","80","YES","",""
"Test_Report_Attrib","AttribValue","nvarchar","80","YES","",""
"Test_Report_Control","ControlId","int","","NO","PK",""
"Test_Report_Control","TestProcId","int","","YES","",""
"Test_Report_Control","Name","nvarchar","80","YES","",""
"Test_Report_Control","Comment","nvarchar","80","YES","",""
"Test_Report_Control","HasLinks","int","","YES","",""
"Test_Report_Link","ID","int","","NO","",""
"Test_Report_Link","ControlId","int","","YES","",""
"Test_Report_Link","Direction","nvarchar","80","YES","",""
"Test_Report_Link","ControlName","nvarchar","80","YES","",""
"Test_Report_Link","SourceBar","nvarchar","80","YES","",""
"Test_Report_Link","TargetBar","nvarchar","80","YES","",""
"UserAccountContractor","UserGUID","nvarchar","20","NO","PK","GUID"
"UserAccountContractor","UserName","nvarchar","80","YES","",""
"UserAccountContractor","FullName","nvarchar","160","YES","",""
"UserAccountContractor","Description","nvarchar","160","YES","",""
"UserAccountContractor","Passwrd","nvarchar","120","YES","",""
"UserAccountContractor","Privilege","int","","YES","",""
"UserAccountContractor","bUserMustChange","int","","YES","",""
"UserAccountContractor","bUserCannotChange","int","","YES","",""
"UserAccountContractor","bAccountDisabled","int","","YES","",""
"UserAccountContractor","DateModified","datetime","","YES","",""
"UserAccountContractor","DateCreated","datetime","","YES","",""
"UserAccountContractor","bIsDel","int","","YES","",""
"UserAccountContractor","DeleteInfo","nvarchar","62","YES","",""
"UserAccountContractor","RegionGuid","nvarchar","20","YES","","GUID"
"UserAccountContractor","RegionDate","datetime","","YES","",""
"UserAccountContractor","PhoneNo","nvarchar","-1","YES","",""
"UserAccountContractor","Email","nvarchar","-1","YES","",""
"UserAccountContractor","CustomInfo1","nvarchar","-1","YES","",""
"UserAccountContractor","CustomInfo2","nvarchar","-1","YES","",""
"UserAccountContractor","CustomInfo3","nvarchar","-1","YES","",""
"UserAccountContractor","LastModBy","nvarchar","20","YES","",""
"UserAccountContractor","CreatorGuid","nvarchar","20","YES","","GUID"
"UserAccountContractor","PswdChngDate","datetime","","YES","",""
"UserAccountContractor","PrevPasswrd1","nvarchar","120","YES","",""
"UserAccountContractor","PrevPasswrd2","nvarchar","120","YES","",""
"UserAccountContractor","PrevPasswrd3","nvarchar","120","YES","",""
"UserAccountContractor","PrevPasswrd4","nvarchar","120","YES","",""
"UserAccountContractor","FeatureMask","int","","YES","",""
"UserAccountContractor","AdSid","nvarchar","200","YES","",""
"UserAccountContractor","SynchWriteDate","datetime","","YES","",""
"UserAccountContractor","StatFlg","int","","YES","",""
"UserAccountContractor","bLocked","tinyint","","YES","",""
"UserAccountContractor","LockInfo","nvarchar","-1","YES","",""
