"ParentID","CurveName","Ordinal","vA","vB","vC","vD","vE"
34494,"EI",40,0.03,0.22,0.50,3.00,0.72
34494,"MI",10,0.17,0.67,0.80,-0.08,0.12
34494,"NI",20,0.02,2.26,0.30,-0.18,9.12
34494,"VI",30,0.06,0.79,0.34,-0.28,4.05
34536,"EI",40,0.03,0.22,0.50,3.00,0.72
34536,"MI",10,0.17,0.67,0.80,-0.08,0.12
34536,"NI",20,0.02,2.26,0.30,-0.18,9.12
34536,"VI",30,0.06,0.79,0.34,-0.28,4.05
34578,"EI",40,0.03,0.22,0.50,3.00,0.72
34578,"MI",10,0.17,0.67,0.80,-0.08,0.12
34578,"NI",20,0.02,2.26,0.30,-0.18,9.12
34578,"VI",30,0.06,0.79,0.34,-0.28,4.05
34620,"EI",40,0.03,0.22,0.50,3.00,0.72
34620,"MI",10,0.17,0.67,0.80,-0.08,0.12
34620,"NI",20,0.02,2.26,0.30,-0.18,9.12
34620,"VI",30,0.06,0.79,0.34,-0.28,4.05
34662,"EI",40,0.03,0.22,0.50,3.00,0.72
34662,"MI",10,0.17,0.67,0.80,-0.08,0.12
34662,"NI",20,0.02,2.26,0.30,-0.18,9.12
34662,"VI",30,0.06,0.79,0.34,-0.28,4.05
34704,"EI",40,0.03,0.22,0.50,3.00,0.72
34704,"MI",10,0.17,0.67,0.80,-0.08,0.12
34704,"NI",20,0.02,2.26,0.30,-0.18,9.12
34704,"VI",30,0.06,0.79,0.34,-0.28,4.05
34746,"EI",40,0.03,0.22,0.50,3.00,0.72
34746,"MI",10,0.17,0.67,0.80,-0.08,0.12
34746,"NI",20,0.02,2.26,0.30,-0.18,9.12
34746,"VI",30,0.06,0.79,0.34,-0.28,4.05
34788,"EI",40,0.03,0.22,0.50,3.00,0.72
34788,"MI",10,0.17,0.67,0.80,-0.08,0.12
34788,"NI",20,0.02,2.26,0.30,-0.18,9.12
34788,"VI",30,0.06,0.79,0.34,-0.28,4.05
46977,"IAC Ext Inv",10,4.0e-03,0.63,0.62,1.78,0.24
46977,"IAC Inv",30,0.20,0.86,0.80,-0.41,0.19
46977,"IAC Short Inv",40,0.04,0.06,0.62,-1.0e-03,0.02
46977,"IAC Very Inv",20,0.09,0.79,0.10,-1.28,7.95
47047,"IAC Ext Inv",10,4.0e-03,0.63,0.62,1.78,0.24
47047,"IAC Inv",30,0.20,0.86,0.80,-0.41,0.19
47047,"IAC Short Inv",40,0.04,0.06,0.62,-1.0e-03,0.02
47047,"IAC Very Inv",20,0.09,0.79,0.10,-1.28,7.95
47117,"IAC Ext Inv",10,4.0e-03,0.63,0.62,1.78,0.24
47117,"IAC Inv",30,0.20,0.86,0.80,-0.41,0.19
47117,"IAC Very Inv",20,0.09,0.79,0.10,-1.28,7.95
47117,"Short Inverse",40,0.04,0.06,0.62,-1.0e-03,0.02
47187,"IAC Ext Inv",10,4.0e-03,0.63,0.62,1.78,0.24
47187,"IAC Inv",30,0.20,0.86,0.80,-0.41,0.19
47187,"IAC Short Inv",40,0.04,0.06,0.62,-1.0e-03,0.02
47187,"IAC Very Inv",20,0.09,0.79,0.10,-1.28,7.95
47257,"IAC Ext Inv",10,4.0e-03,0.63,0.62,1.78,0.24
47257,"IAC Inv",30,0.20,0.86,0.80,-0.41,0.19
47257,"IAC Short Inv",40,0.04,0.06,0.62,-1.0e-03,0.02
47257,"IAC Very Inv",20,0.09,0.79,0.10,-1.28,7.95
47327,"IAC Ext Inv",10,4.0e-03,0.63,0.62,1.78,0.24
47327,"IAC Inv",30,0.20,0.86,0.80,-0.41,0.19
47327,"IAC Very Inv",20,0.09,0.79,0.10,-1.28,7.95
47327,"Short Inverse",40,0.04,0.06,0.62,-1.0e-03,0.02
47406,"Extremely Inverse",10,4.0e-03,0.63,0.62,1.78,0.24
47406,"Inverse",30,0.20,0.86,0.80,-0.41,0.19
47406,"Short Inverse",40,0.04,0.06,0.62,-1.0e-03,0.02
47406,"Very Inverse",20,0.09,0.79,0.10,-1.28,7.95
47431,"Extremely Inverse",10,4.0e-03,0.63,0.62,1.78,0.24
47431,"Inverse",30,0.20,0.86,0.80,-0.41,0.19
47431,"Short Inverse",40,0.04,0.06,0.62,-1.0e-03,0.02
47431,"Very Inverse",20,0.09,0.79,0.10,-1.28,7.95
47456,"Extremely Inverse",10,4.0e-03,0.63,0.62,1.78,0.24
47456,"Inverse",30,0.20,0.86,0.80,-0.41,0.19
47456,"Short Inverse",40,0.04,0.06,0.62,-1.0e-03,0.02
47456,"Very Inverse",20,0.09,0.79,0.10,-1.28,7.95
47481,"Extremely Inverse",10,4.0e-03,0.63,0.62,1.78,0.24
47481,"Inverse",30,0.20,0.86,0.80,-0.41,0.19
47481,"Short Inverse",40,0.04,0.06,0.62,-1.0e-03,0.02
47481,"Very Inverse",20,0.09,0.79,0.10,-1.28,7.95
47506,"Extremely Inverse",10,4.0e-03,0.63,0.62,1.78,0.24
47506,"Inverse",30,0.20,0.86,0.80,-0.41,0.19
47506,"Short Inverse",40,0.04,0.06,0.62,-1.0e-03,0.02
47506,"Very Inverse",20,0.09,0.79,0.10,-1.28,7.95
47565,"Extremely Inverse",10,4.0e-03,0.63,0.62,1.78,0.24
47565,"Inverse",30,0.20,0.86,0.80,-0.41,0.19
47565,"Short Inverse",40,0.04,0.06,0.62,-1.0e-03,0.02
47565,"Very Inverse",20,0.09,0.79,0.10,-1.28,7.95
47590,"Extremely Inverse",10,4.0e-03,0.63,0.62,1.78,0.24
47590,"Inverse",30,0.20,0.86,0.80,-0.41,0.19
47590,"Short Inverse",40,0.04,0.06,0.62,-1.0e-03,0.02
47590,"Very Inverse",20,0.09,0.79,0.10,-1.28,7.95
47615,"Extremely Inverse",10,4.0e-03,0.63,0.62,1.78,0.24
47615,"Inverse",30,0.20,0.86,0.80,-0.41,0.19
47615,"Short Inverse",40,0.04,0.06,0.62,-1.0e-03,0.02
47615,"Very Inverse",20,0.09,0.79,0.10,-1.28,7.95
47640,"Extremely Inverse",10,4.0e-03,0.63,0.62,1.78,0.24
47640,"Inverse",30,0.20,0.86,0.80,-0.41,0.19
47640,"Short Inverse",40,0.04,0.06,0.62,-1.0e-03,0.02
47640,"Very Inverse",20,0.09,0.79,0.10,-1.28,7.95
47665,"Extremely Inverse",10,4.0e-03,0.63,0.62,1.78,0.24
47665,"Inverse",30,0.20,0.86,0.80,-0.41,0.19
47665,"Short Inverse",40,0.04,0.06,0.62,-1.0e-03,0.02
47665,"Very Inverse",20,0.09,0.79,0.10,-1.28,7.95
47690,"Extremely Inverse",10,4.0e-03,0.63,0.62,1.78,0.24
47690,"Inverse",30,0.20,0.86,0.80,-0.41,0.19
47690,"Short Inverse",40,0.04,0.06,0.62,-1.0e-03,0.02
47690,"Very Inverse",20,0.09,0.79,0.10,-1.28,7.95
47902,"IAC Extremely Inverse",10,4.0e-03,0.63,0.62,1.78,0.24
47902,"IAC Inverse",30,0.20,0.86,0.80,-0.41,0.19
47902,"IAC Short Inverse",40,0.04,0.06,0.62,-1.0e-03,0.02
47902,"IAC Very Inverse",20,0.09,0.79,0.10,-1.28,7.95
47982,"IAC Extremely Inverse",10,4.0e-03,0.63,0.62,1.78,0.24
47982,"IAC Inverse",30,0.20,0.86,0.80,-0.41,0.19
47982,"IAC Short Inverse",40,0.04,0.06,0.62,-1.0e-03,0.02
47982,"IAC Very Inverse",20,0.09,0.79,0.10,-1.28,7.95
48053,"IAC Ext. Inverse",10,4.0e-03,0.63,0.62,1.78,0.24
48053,"IAC Inverse",30,0.20,0.56,0.80,-0.41,0.19
48053,"IAC Short Inverse",40,0.04,0.06,0.62,-1.0e-03,0.02
48053,"IAC Very Inverse",20,0.09,0.79,0.10,-1.28,7.95
48140,"IAC Ext. Inverse",10,4.0e-03,0.63,0.62,1.78,0.24
48140,"IAC Inverse",30,0.20,0.56,0.80,-0.41,0.19
48140,"IAC Short Inverse",40,0.04,0.06,0.62,-1.0e-03,0.02
48140,"IAC Very Inverse",20,0.09,0.79,0.10,-1.28,7.95
48204,"Extremely Inverse",10,0.03,0.22,0.50,3.00,0.72
48204,"Moderately Inverse",40,0.17,0.67,0.80,-0.08,0.12
48204,"Normally Inverse",30,0.02,2.26,0.30,-4.18,9.12
48204,"Very Inverse",20,0.06,0.79,0.34,-0.28,4.05
48214,"IAC Extremely Inverse",10,4.0e-03,0.63,0.62,1.78,0.24
48214,"IAC Very Inverse",20,0.09,0.79,0.10,-1.28,7.95
48214,"Inverse",30,0.20,0.86,0.80,-0.41,0.19
48229,"Extremely Inverse",10,0.03,0.22,0.50,3.00,0.72
48229,"Moderately Inverse",40,0.17,0.67,0.80,-0.08,0.12
48229,"Normally Inverse",30,0.02,2.26,0.30,-4.18,9.12
48229,"Very Inverse",20,0.06,0.79,0.34,-0.28,4.05
48244,"Extremely Inverse",10,0.03,0.22,0.50,3.00,0.72
48244,"Moderately Inverse",40,0.17,0.67,0.80,-0.08,0.12
48244,"Normally Inverse",30,0.02,2.26,0.30,-4.18,9.12
48244,"Very Inverse",20,0.06,0.79,0.34,-0.28,4.05
48254,"IAC Extremely Inverse",10,4.0e-03,0.63,0.62,1.78,0.24
48254,"IAC Inverse",30,0.20,0.86,0.80,-0.41,0.19
48254,"IAC Very Inverse",20,0.09,0.79,0.10,-1.28,7.95
48274,"IAC Extremely Inverse",10,4.0e-03,0.63,0.62,1.78,0.24
48274,"IAC Inverse",30,0.20,0.86,0.80,-0.41,0.19
48274,"IAC Very Inverse",20,0.09,0.79,0.10,-1.28,7.95
48299,"IAC Ext Inv",10,4.0e-03,0.63,0.62,1.78,0.24
48299,"IAC Inv",30,0.20,0.86,0.80,-0.41,0.19
48299,"IAC Very Inv",20,0.09,0.79,0.10,-1.28,7.95
48299,"IASC Short Inv",40,0.04,0.06,0.62,-1.0e-03,0.02
48324,"IAC Ext Inv",10,4.0e-03,0.63,0.62,1.78,0.24
48324,"IAC Inv",30,0.20,0.86,0.80,-0.41,0.19
48324,"IAC Very Inv",20,0.09,0.79,0.10,-1.28,7.95
48324,"IASC Short Inv",40,0.04,0.06,0.62,-1.0e-03,0.02
48349,"IAC Ext Inv",10,4.0e-03,0.63,0.62,1.78,0.24
48349,"IAC Inv",30,0.20,0.86,0.80,-0.41,0.19
48349,"IAC Very Inv",20,0.09,0.79,0.10,-1.28,7.95
48349,"IASC Short Inv",40,0.04,0.06,0.62,-1.0e-03,0.02
48374,"Extremely Inverse",10,4.0e-03,0.63,0.62,1.78,0.24
48374,"Inverse",30,0.20,0.86,0.80,-0.41,0.19
48374,"Short Inverse",40,0.04,0.06,0.62,-1.0e-03,0.02
48374,"Very Inverse",20,0.09,0.79,0.10,-1.28,7.95
48444,"Extremely Inverse",10,4.0e-03,0.63,0.62,1.78,0.24
48444,"Inverse",30,0.20,0.86,0.80,-0.41,0.19
48444,"Short Inverse",40,0.04,0.06,0.62,-1.0e-03,0.02
48444,"Very Inverse",20,0.09,0.79,0.10,-1.28,7.95
48469,"Extremely Inverse",10,4.0e-03,0.63,0.62,1.78,0.24
48469,"Inverse",30,0.20,0.86,0.80,-0.41,0.19
48469,"Short Inverse",40,0.04,0.06,0.62,-1.0e-03,0.02
48469,"Very Inverse",20,0.09,0.79,0.10,-1.28,7.95
49505,"Extremely Inverse",10,4.0e-03,0.63,0.62,1.78,0.24
49505,"Inverse",30,0.20,0.86,0.80,-0.41,0.19
49505,"Short Inverse",40,0.04,0.06,0.62,-1.0e-03,0.02
49505,"Very Inverse",20,0.09,0.79,0.10,-1.28,7.95
49530,"Extremely Inverse",10,4.0e-03,0.63,0.62,1.78,0.24
49530,"Inverse",30,0.20,0.86,0.80,-0.41,0.19
49530,"Short Inverse",40,0.04,0.06,0.62,-1.0e-03,0.02
49530,"Very Inverse",20,0.09,0.79,0.10,-1.28,7.95
49555,"Extremely Inverse",10,4.0e-03,0.63,0.62,1.78,0.24
49555,"Inverse",30,0.20,0.86,0.80,-0.41,0.19
49555,"Short Inverse",40,0.04,0.06,0.62,-1.0e-03,0.02
49555,"Very Inverse",20,0.09,0.79,0.10,-1.28,7.95
49580,"Extremely Inverse",10,4.0e-03,0.63,0.62,1.78,0.24
49580,"Inverse",30,0.20,0.86,0.80,-0.41,0.19
49580,"Short Inverse",40,0.04,0.06,0.62,-1.0e-03,0.02
49580,"Very Inverse",20,0.09,0.79,0.10,-1.28,7.95
49605,"Extremely Inverse",10,4.0e-03,0.63,0.62,1.78,0.24
49605,"Inverse",30,0.20,0.86,0.80,-0.41,0.19
49605,"Short Inverse",40,0.04,0.06,0.62,-1.0e-03,0.02
49605,"Very Inverse",20,0.09,0.79,0.10,-1.28,7.95
49625,"Extremely Inverse",10,4.0e-03,0.63,0.62,1.78,0.24
49625,"Inverse",30,0.20,0.86,0.80,-0.41,0.19
49625,"Short Inverse",40,0.04,0.06,0.62,-1.0e-03,0.02
49625,"Very Inverse",20,0.09,0.79,0.10,-1.28,7.95
49731,"Extremely Inverse",10,4.0e-03,0.63,0.62,1.78,0.24
49731,"Inverse",30,0.20,0.86,0.80,-0.41,0.19
49731,"Short Inverse",40,0.04,0.06,0.62,-1.0e-03,0.02
49731,"Very Inverse",20,0.09,0.79,0.10,-1.28,7.95
49847,"Extremely Inverse",30,0.03,0.22,0.50,3.00,0.72
49847,"Inverse",10,0.02,2.26,0.30,-4.18,9.12
49847,"Very Inverse",20,0.06,0.79,0.34,-0.28,4.05
49857,"IAC Ext. Inv.",10,4.0e-03,0.63,0.62,1.78,0.24
49857,"IAC Inv.",30,0.20,0.86,0.80,-0.41,0.19
49857,"IAC Inv. Long",40,0.37,17.83,0.32,-23.71,23.89
49857,"IAC Inv. Short",50,0.04,0.04,0.34,2.3e-03,0.06
49857,"IAC V. Inv",20,0.09,0.79,0.10,-1.28,7.95
49867,"Extremely Inverse",30,0.03,0.22,0.50,3.00,0.72
49867,"Inverse",10,0.02,2.26,0.30,-4.18,9.12
49867,"Very Inverse",20,0.06,0.79,0.34,-0.28,4.05
49882,"Extremely Inverse",30,0.03,0.22,0.50,3.00,0.72
49882,"Inverse",10,0.02,2.26,0.30,-4.18,9.12
49882,"Very Inverse",20,0.06,0.79,0.34,-0.28,4.05
49904,"Extremely Inverse",30,0.03,0.22,0.50,3.00,0.72
49904,"Inverse",10,0.02,2.26,0.30,-4.18,9.12
49904,"Very Inverse",20,0.06,0.79,0.34,-0.28,4.05
49909,"IAC Ext. Inv.",10,4.0e-03,0.63,0.62,1.78,0.24
49909,"IAC Inv.",30,0.20,0.86,0.80,-0.41,0.19
49909,"IAC Inv. Long",40,0.37,17.83,0.32,-23.71,23.89
49909,"IAC Inv. Short",50,0.04,0.04,0.34,2.3e-03,0.06
49909,"IAC V. Inv",20,0.09,0.79,0.10,-1.28,7.95
49920,"Extremely Inverse",30,0.03,0.22,0.50,3.00,0.72
49920,"Inverse",10,0.02,2.26,0.30,-4.18,9.12
49920,"Very Inverse",20,0.06,0.79,0.34,-0.28,4.05
49934,"Extremely Inverse",30,0.03,0.22,0.50,3.00,0.72
49934,"Inverse",10,0.02,2.26,0.30,-4.18,9.12
49934,"Very Inverse",20,0.06,0.79,0.34,-0.28,4.05
49948,"IAC Ext. Inv.",10,4.0e-03,0.63,0.62,1.78,0.24
49948,"IAC Inv.",30,0.20,0.86,0.80,-0.41,0.19
49948,"IAC Inv. Long",40,0.37,17.83,0.32,-23.71,23.89
49948,"IAC Inv. Short",50,0.04,0.04,0.34,2.3e-03,0.06
49948,"IAC V. Inv",20,0.09,0.79,0.10,-1.28,7.95
49962,"Extremely Inverse",30,0.03,0.22,0.50,3.00,0.72
49962,"Inverse",10,0.02,2.26,0.30,-4.18,9.12
49962,"Very Inverse",20,0.06,0.79,0.34,-0.28,4.05
49969,"IAC Ext. Inv.",10,4.0e-03,0.63,0.62,1.78,0.24
49969,"IAC Inv.",30,0.20,0.86,0.80,-0.41,0.19
49969,"IAC Inv. Long",40,0.37,17.83,0.32,-23.71,23.89
49969,"IAC Inv. Short",50,0.04,0.04,0.34,2.3e-03,0.06
49969,"IAC V. Inv",20,0.09,0.79,0.10,-1.28,7.95
49983,"IAC Ext. Inv.",10,4.0e-03,0.63,0.62,1.78,0.24
49983,"IAC Inv.",30,0.20,0.86,0.80,-0.41,0.19
49983,"IAC Inv. Long",40,0.37,17.83,0.32,-23.71,23.89
49983,"IAC Inv. Short",50,0.04,0.04,0.34,2.3e-03,0.06
49983,"IAC V. Inv",20,0.09,0.79,0.10,-1.28,7.95
49997,"Extremely Inverse",30,0.03,0.22,0.50,3.00,0.72
49997,"Inverse",10,0.02,2.26,0.30,-4.18,9.12
49997,"Very Inverse",20,0.06,0.79,0.34,-0.28,4.05
50002,"IAC Ext. Inv.",10,4.0e-03,0.63,0.62,1.78,0.24
50002,"IAC Inv.",30,0.20,0.86,0.80,-0.41,0.19
50002,"IAC Inv. Long",40,0.37,17.83,0.32,-23.71,23.89
50002,"IAC Inv. Short",50,0.04,0.04,0.34,2.3e-03,0.06
50002,"IAC V. Inv",20,0.09,0.79,0.10,-1.28,7.95
50012,"Extremely Inverse",30,0.03,0.22,0.50,3.00,0.72
50012,"Inverse",10,0.02,2.26,0.30,-4.18,9.12
50012,"Very Inverse",20,0.06,0.79,0.34,-0.28,4.05
50022,"IAC Ext. Inv.",10,4.0e-03,0.63,0.62,1.78,0.24
50022,"IAC Inv.",30,0.20,0.86,0.80,-0.41,0.19
50022,"IAC Inv. Long",40,0.37,17.83,0.32,-23.71,23.89
50022,"IAC Inv. Short",50,0.04,0.04,0.34,2.3e-03,0.06
50022,"IAC V. Inv",20,0.09,0.79,0.10,-1.28,7.95
50038,"Extremely Inverse",10,0.03,0.22,0.50,3.00,0.72
50038,"Inverse",30,0.02,2.26,0.30,-4.18,9.12
50038,"Very Inverse",20,0.06,0.79,0.34,-0.28,4.05
50056,"Extremely Inverse",10,0.03,0.22,0.50,3.00,0.72
50056,"Inverse",30,0.02,2.26,0.30,-4.18,9.12
50056,"Very Inverse",20,0.06,0.79,0.34,-0.28,4.05
50072,"Extremely Inverse",10,0.03,0.22,0.50,3.00,0.72
50072,"Inverse",30,0.02,2.26,0.30,-4.18,9.12
50072,"Very Inverse",20,0.06,0.79,0.34,-0.28,4.05
50084,"Extremely Inverse",10,0.03,0.22,0.50,3.00,0.72
50084,"Inverse",30,0.02,2.26,0.30,-4.18,9.12
50084,"Very Inverse",20,0.06,0.79,0.34,-0.28,4.05
50094,"Extremely Inverse",10,0.03,0.22,0.50,3.00,0.72
50094,"Inverse",30,0.02,2.26,0.30,-4.18,9.12
50094,"Very Inverse",20,0.06,0.79,0.34,-0.28,4.05
50266,"Definite Time",10,0.05,0.00,0.00,0.00,0.00
50266,"IAC Extremely Inverse",20,4.0e-03,0.63,0.62,1.78,0.24
50266,"IAC Inverse",40,0.20,0.86,0.80,-0.41,0.19
50266,"IAC Short Inverse",50,0.04,0.06,0.62,-1.0e-03,0.02
50266,"IAC Very Inverse",30,0.09,0.79,0.10,-1.28,7.95
50276,"Definite Time",50,0.05,0.00,0.00,0.00,0.00
50276,"Extremely Inverse",10,0.03,0.22,0.50,3.00,0.72
50276,"Moderately Inverse",40,0.17,0.67,0.80,-0.08,0.12
50276,"Normal Inverse",30,0.02,2.26,0.30,-4.18,9.12
50276,"Very Inverse",20,0.06,0.79,0.34,-0.28,4.05
50282,"Definite Time",10,0.05,0.00,0.00,0.00,0.00
50282,"IAC Extremely Inverse",20,4.0e-03,0.63,0.62,1.78,0.24
50282,"IAC Inverse",40,0.20,0.86,0.80,-0.41,0.19
50282,"IAC Short Inverse",50,0.04,0.06,0.62,-1.0e-03,0.02
50282,"IAC Very Inverse",30,0.09,0.79,0.10,-1.28,7.95
50292,"Definite Time",50,0.05,0.00,0.00,0.00,0.00
50292,"Extremely Inverse",10,0.03,0.22,0.50,3.00,0.72
50292,"Moderately Inverse",40,0.17,0.67,0.80,-0.08,0.12
50292,"Normal Inverse",30,0.02,2.26,0.30,-4.18,9.12
50292,"Very Inverse",20,0.06,0.79,0.34,-0.28,4.05
50298,"Definite Time",10,0.05,0.00,0.00,0.00,0.00
50298,"IAC Extremely Inverse",20,4.0e-03,0.63,0.62,1.78,0.24
50298,"IAC Inverse",40,0.20,0.86,0.80,-0.41,0.19
50298,"IAC Short Inverse",50,0.04,0.06,0.62,-1.0e-03,0.02
50298,"IAC Very Inverse",30,0.09,0.79,0.10,-1.28,7.95
50309,"Definite Time",50,0.05,0.00,0.00,0.00,0.00
50309,"Extremely Inverse",10,0.03,0.22,0.50,3.00,0.72
50309,"Moderately Inverse",40,0.17,0.67,0.80,-0.08,0.12
50309,"Normal Inverse",30,0.02,2.26,0.30,-4.18,9.12
50309,"Very Inverse",20,0.06,0.79,0.34,-0.28,4.05
50314,"Definite Time",10,0.05,0.00,0.00,0.00,0.00
50314,"IAC Extremely Inverse",20,4.0e-03,0.63,0.62,1.78,0.24
50314,"IAC Inverse",40,0.20,0.86,0.80,-0.41,0.19
50314,"IAC Short Inverse",50,0.04,0.06,0.62,-1.0e-03,0.02
50314,"IAC Very Inverse",30,0.09,0.79,0.10,-1.28,7.95
50324,"Definite Time",50,0.05,0.00,0.00,0.00,0.00
50324,"Extremely Inverse",10,0.03,0.22,0.50,3.00,0.72
50324,"Moderately Inverse",40,0.17,0.67,0.80,-0.08,0.12
50324,"Normal Inverse",30,0.02,2.26,0.30,-4.18,9.12
50324,"Very Inverse",20,0.06,0.79,0.34,-0.28,4.05
50519,"Definite Time",50,0.10,0.00,0.00,0.00,0.00
50519,"Extremely Inverse",10,0.03,0.22,0.50,3.00,0.72
50519,"Moderately Inverse",40,0.17,0.67,0.80,-0.08,0.12
50519,"Normal Inverse",30,0.02,2.26,0.30,-4.18,9.12
50519,"Very Inverse",20,0.06,0.79,0.34,-0.28,4.05
50525,"Definite Time",50,0.10,0.00,0.00,0.00,0.00
50525,"IAC Extremely Inverse",10,4.0e-03,0.63,0.62,1.78,0.24
50525,"IAC Inverse",40,0.20,0.86,0.80,-0.41,0.19
50525,"IAC Short Inverse",30,0.04,0.06,0.62,-1.0e-03,0.02
50525,"IAC Very Inverse",20,0.09,0.79,0.10,-1.28,7.95
50540,"Definite Time",50,0.10,0.00,0.00,0.00,0.00
50540,"Extremely Inverse",10,0.03,0.22,0.50,3.00,0.72
50540,"Moderately Inverse",40,0.17,0.67,0.80,-0.08,0.12
50540,"Normal Inverse",30,0.02,2.26,0.30,-4.18,9.12
50540,"Very Inverse",20,0.06,0.79,0.34,-0.28,4.05
50545,"Definite Time",50,0.10,0.00,0.00,0.00,0.00
50545,"Extremely Inverse",10,0.03,0.22,0.50,3.00,0.72
50545,"Moderately Inverse",40,0.17,0.67,0.80,-0.08,0.12
50545,"Normal Inverse",30,0.02,2.26,0.30,-4.18,9.12
50545,"Very Inverse",20,0.06,0.79,0.34,-0.28,4.05
50550,"Definite Time",50,0.10,0.00,0.00,0.00,0.00
50550,"Extremely Inverse",10,4.0e-03,0.63,0.62,1.78,0.24
50550,"IAC Inverse",40,0.20,0.86,0.80,-0.41,0.19
50550,"IAC Short Inverse",30,0.04,0.06,0.62,-1.0e-03,0.02
50550,"IAC Very Inverse",20,0.09,0.79,0.10,-1.28,7.95
50560,"Definite Time",50,0.10,0.00,0.00,0.00,0.00
50560,"Extremely Inverse",10,0.03,0.22,0.50,3.00,0.72
50560,"Moderately Inverse",40,0.17,0.67,0.80,-0.08,0.12
50560,"Normal Inverse",30,0.02,2.26,0.30,-4.18,9.12
50560,"Very Inverse",20,0.06,0.79,0.34,-0.28,4.05
50566,"Definite Time",50,0.10,0.00,0.00,0.00,0.00
50566,"IAC Extremely Inverse",10,4.0e-03,0.63,0.62,1.78,0.24
50566,"IAC Inverse",40,0.20,0.86,0.80,-0.41,0.19
50566,"IAC Short Inverse",30,0.04,0.06,0.62,-1.0e-03,0.02
50566,"IAC Very Inverse",20,0.09,0.79,0.10,-1.28,7.95
50581,"Definite Time",50,0.10,0.00,0.00,0.00,0.00
50581,"Extremely Inverse",10,0.03,0.22,0.50,3.00,0.72
50581,"Moderately Inverse",40,0.17,0.67,0.80,-0.08,0.12
50581,"Normal Inverse",30,0.02,2.26,0.30,-4.18,9.12
50581,"Very Inverse",20,0.06,0.79,0.34,-0.28,4.05
50586,"Definite Time",50,0.10,0.00,0.00,0.00,0.00
50586,"Extremely Inverse",10,0.03,0.22,0.50,3.00,0.72
50586,"Moderately Inverse",40,0.17,0.67,0.80,-0.08,0.12
50586,"Normal Inverse",30,0.02,2.26,0.30,-4.18,9.12
50586,"Very Inverse",20,0.06,0.79,0.34,-0.28,4.05
50591,"Definite Time",50,0.10,0.00,0.00,0.00,0.00
50591,"Extremely Inverse",10,4.0e-03,0.63,0.62,1.78,0.24
50591,"IAC Inverse",40,0.20,0.86,0.80,-0.41,0.19
50591,"IAC Short Inverse",30,0.04,0.06,0.62,-1.0e-03,0.02
50591,"IAC Very Inverse",20,0.09,0.79,0.10,-1.28,7.95
50601,"Definite Time",50,0.10,0.00,0.00,0.00,0.00
50601,"Extremely Inverse",10,0.03,0.22,0.50,3.00,0.72
50601,"Moderately Inverse",40,0.17,0.67,0.80,-0.08,0.12
50601,"Normal Inverse",30,0.02,2.26,0.30,-4.18,9.12
50601,"Very Inverse",20,0.06,0.79,0.34,-0.28,4.05
50606,"Definite Time",50,0.10,0.00,0.00,0.00,0.00
50606,"IAC Extremely Inverse",10,4.0e-03,0.63,0.62,1.78,0.24
50606,"IAC Inverse",40,0.20,0.86,0.80,-0.41,0.19
50606,"IAC Short Inverse",30,0.04,0.06,0.62,-1.0e-03,0.02
50606,"IAC Very Inverse",20,0.09,0.79,0.10,-1.28,7.95
50621,"Definite Time",50,0.10,0.00,0.00,0.00,0.00
50621,"Extremely Inverse",10,0.03,0.22,0.50,3.00,0.72
50621,"Moderately Inverse",40,0.17,0.67,0.80,-0.08,0.12
50621,"Normal Inverse",30,0.02,2.26,0.30,-4.18,9.12
50621,"Very Inverse",20,0.06,0.79,0.34,-0.28,4.05
50626,"Definite Time",50,0.10,0.00,0.00,0.00,0.00
50626,"Extremely Inverse",10,4.0e-03,0.63,0.62,1.78,0.24
50626,"IAC Inverse",40,0.20,0.86,0.80,-0.41,0.19
50626,"IAC Short Inverse",30,0.04,0.06,0.62,-1.0e-03,0.02
50626,"IAC Very Inverse",20,0.09,0.79,0.10,-1.28,7.95
50631,"Definite Time",50,0.10,0.00,0.00,0.00,0.00
50631,"Extremely Inverse",10,0.03,0.22,0.50,3.00,0.72
50631,"Moderately Inverse",40,0.17,0.67,0.80,-0.08,0.12
50631,"Normal Inverse",30,0.02,2.26,0.30,-4.18,9.12
50631,"Very Inverse",20,0.06,0.79,0.34,-0.28,4.05
50641,"Definite Time",50,0.10,0.00,0.00,0.00,0.00
50641,"Extremely Inverse",10,0.03,0.22,0.50,3.00,0.72
50641,"Moderately Inverse",40,0.17,0.67,0.80,-0.08,0.12
50641,"Normal Inverse",30,0.02,2.26,0.30,-4.18,9.12
50641,"Very Inverse",20,0.06,0.79,0.34,-0.28,4.05
50646,"Definite Time",50,0.10,0.00,0.00,0.00,0.00
50646,"IAC Extremely Inverse",10,4.0e-03,0.63,0.62,1.78,0.24
50646,"IAC Inverse",40,0.20,0.86,0.80,-0.41,0.19
50646,"IAC Short Inverse",30,0.04,0.06,0.62,-1.0e-03,0.02
50646,"IAC Very Inverse",20,0.09,0.79,0.10,-1.28,7.95
50661,"Definite Time",50,0.10,0.00,0.00,0.00,0.00
50661,"Extremely Inverse",10,0.03,0.22,0.50,3.00,0.72
50661,"Moderately Inverse",40,0.17,0.67,0.80,-0.08,0.12
50661,"Normal Inverse",30,0.02,2.26,0.30,-4.18,9.12
50661,"Very Inverse",20,0.06,0.79,0.34,-0.28,4.05
50666,"Definite Time",50,0.10,0.00,0.00,0.00,0.00
50666,"Extremely Inverse",10,4.0e-03,0.63,0.62,1.78,0.24
50666,"IAC Inverse",40,0.20,0.86,0.80,-0.41,0.19
50666,"IAC Short Inverse",30,0.04,0.06,0.62,-1.0e-03,0.02
50666,"IAC Very Inverse",20,0.09,0.79,0.10,-1.28,7.95
50671,"Definite Time",50,0.10,0.00,0.00,0.00,0.00
50671,"Extremely Inverse",10,0.03,0.22,0.50,3.00,0.72
50671,"Moderately Inverse",40,0.17,0.67,0.80,-0.08,0.12
50671,"Normal Inverse",30,0.02,2.26,0.30,-4.18,9.12
50671,"Very Inverse",20,0.06,0.79,0.34,-0.28,4.05
50681,"Extremely Inverse",10,0.03,0.22,0.50,3.00,0.72
50681,"IAC Extremely Inverse",50,4.0e-03,0.63,0.62,1.78,0.24
50681,"IAC Inverse",70,0.20,0.86,0.80,-0.41,0.19
50681,"IAC Short Inverse",80,0.04,0.06,0.62,-1.0e-03,0.02
50681,"IAC Very Inverse",60,0.09,0.79,0.10,-1.28,7.95
50681,"Moderately Inverse",40,0.17,0.67,0.80,-0.08,0.12
50681,"Normal Inverse",30,0.02,2.26,0.30,-4.18,9.12
50681,"Very Inverse",20,0.06,0.79,0.34,-0.28,4.05
50697,"Extremely Inverse",10,0.03,0.22,0.50,3.00,0.72
50697,"IAC Extremely Inverse",50,4.0e-03,0.63,0.62,1.78,0.24
50697,"IAC Inverse",70,0.20,0.86,0.80,-0.41,0.19
50697,"IAC Short Inverse",80,0.04,0.06,0.62,-1.0e-03,0.02
50697,"IAC Very Inverse",60,0.09,0.79,0.10,-1.28,7.95
50697,"Moderately Inverse",40,0.17,0.67,0.80,-0.08,0.12
50697,"Normal Inverse",30,0.02,2.26,0.30,-4.18,9.12
50697,"Very Inverse",20,0.06,0.79,0.34,-0.28,4.05
50707,"Extremely Inverse",10,0.03,0.22,0.50,3.00,0.72
50707,"IAC Extremely Inverse",50,4.0e-03,0.63,0.62,1.78,0.24
50707,"IAC Inverse",70,0.20,0.86,0.80,-0.41,0.19
50707,"IAC Short Inverse",80,0.04,0.06,0.62,-1.0e-03,0.02
50707,"IAC Very Inverse",60,0.09,0.79,0.10,-1.28,7.95
50707,"Moderately Inverse",40,0.17,0.67,0.80,-0.08,0.12
50707,"Normal Inverse",30,0.02,2.26,0.30,-4.18,9.12
50707,"Very Inverse",20,0.06,0.79,0.34,-0.28,4.05
50718,"Extremely Inverse",10,0.03,0.22,0.50,3.00,0.72
50718,"IAC Extremely Inverse",50,4.0e-03,0.63,0.62,1.78,0.24
50718,"IAC Inverse",70,0.20,0.86,0.80,-0.41,0.19
50718,"IAC Short Inverse",80,0.04,0.06,0.62,-1.0e-03,0.02
50718,"IAC Very Inverse",60,0.09,0.79,0.10,-1.28,7.95
50718,"Moderately Inverse",40,0.17,0.67,0.80,-0.08,0.12
50718,"Normal Inverse",30,0.02,2.26,0.30,-4.18,9.12
50718,"Very Inverse",20,0.06,0.79,0.34,-0.28,4.05
50737,"Extremely Inverse",10,0.03,0.22,0.50,3.00,0.72
50737,"IAC Extremely Inverse",50,4.0e-03,0.63,0.62,1.78,0.24
50737,"IAC Inverse",70,0.20,0.86,0.80,-0.41,0.19
50737,"IAC Short Inverse",80,0.04,0.06,0.62,-1.0e-03,0.02
50737,"IAC Very Inverse",60,0.09,0.79,0.10,-1.28,7.95
50737,"Moderately Inverse",40,0.17,0.67,0.80,-0.08,0.12
50737,"Normal Inverse",30,0.02,2.26,0.30,-4.18,9.12
50737,"Very Inverse",20,0.06,0.79,0.34,-0.28,4.05
50742,"Extremely Inverse",10,0.03,0.22,0.50,3.00,0.72
50742,"IAC Extremely Inverse",50,4.0e-03,0.63,0.62,1.78,0.24
50742,"IAC Inverse",70,0.20,0.86,0.80,-0.41,0.19
50742,"IAC Short Inverse",80,0.04,0.06,0.62,-1.0e-03,0.02
50742,"IAC Very Inverse",60,0.09,0.79,0.10,-1.28,7.95
50742,"Moderately Inverse",40,0.17,0.67,0.80,-0.08,0.12
50742,"Normal Inverse",30,0.02,2.26,0.30,-4.18,9.12
50742,"Very Inverse",20,0.06,0.79,0.34,-0.28,4.05
50747,"Extremely Inverse",10,0.03,0.22,0.50,3.00,0.72
50747,"IAC Extremely Inverse",50,4.0e-03,0.63,0.62,1.78,0.24
50747,"IAC Inverse",70,0.20,0.86,0.80,-0.41,0.19
50747,"IAC Short Inverse",80,0.04,0.06,0.62,-1.0e-03,0.02
50747,"IAC Very Inverse",60,0.09,0.79,0.10,-1.28,7.95
50747,"Moderately Inverse",40,0.17,0.67,0.80,-0.08,0.12
50747,"Normal Inverse",30,0.02,2.26,0.30,-4.18,9.12
50747,"Very Inverse",20,0.06,0.79,0.34,-0.28,4.05
50754,"Extremely Inverse",10,0.03,0.22,0.50,3.00,0.72
50754,"IAC Extremely Inverse",50,4.0e-03,0.63,0.62,1.78,0.24
50754,"IAC Inverse",70,0.20,0.86,0.80,-0.41,0.19
50754,"IAC Short Inverse",80,0.04,0.06,0.62,-1.0e-03,0.02
50754,"IAC Very Inverse",60,0.09,0.79,0.10,-1.28,7.95
50754,"Moderately Inverse",40,0.17,0.67,0.80,-0.08,0.12
50754,"Normal Inverse",30,0.02,2.26,0.30,-4.18,9.12
50754,"Very Inverse",20,0.06,0.79,0.34,-0.28,4.05
50765,"Extremely Inverse",10,0.03,0.22,0.50,3.00,0.72
50765,"IAC Extremely Inverse",50,4.0e-03,0.63,0.62,1.78,0.24
50765,"IAC Inverse",70,0.20,0.86,0.80,-0.41,0.19
50765,"IAC Short Inverse",80,0.04,0.06,0.62,-1.0e-03,0.02
50765,"IAC Very Inverse",60,0.09,0.79,0.10,-1.28,7.95
50765,"Moderately Inverse",40,0.17,0.67,0.80,-0.08,0.12
50765,"Normal Inverse",30,0.02,2.26,0.30,-4.18,9.12
50765,"Very Inverse",20,0.06,0.79,0.34,-0.28,4.05
50771,"Extremely Inverse",10,0.03,0.22,0.50,3.00,0.72
50771,"IAC Extremely Inverse",50,4.0e-03,0.63,0.62,1.78,0.24
50771,"IAC Inverse",70,0.20,0.86,0.80,-0.41,0.19
50771,"IAC Short Inverse",80,0.04,0.06,0.62,-1.0e-03,0.02
50771,"IAC Very Inverse",60,0.09,0.79,0.10,-1.28,7.95
50771,"Moderately Inverse",40,0.17,0.67,0.80,-0.08,0.12
50771,"Normal Inverse",30,0.02,2.26,0.30,-4.18,9.12
50771,"Very Inverse",20,0.06,0.79,0.34,-0.28,4.05
50784,"Extremely Inverse",10,0.03,0.22,0.50,3.00,0.72
50784,"IAC Extremely Inverse",50,4.0e-03,0.63,0.62,1.78,0.24
50784,"IAC Inverse",70,0.20,0.86,0.80,-0.41,0.19
50784,"IAC Short Inverse",80,0.04,0.06,0.62,-1.0e-03,0.02
50784,"IAC Very Inverse",60,0.09,0.79,0.10,-1.28,7.95
50784,"Moderately Inverse",40,0.17,0.67,0.80,-0.08,0.12
50784,"Normal Inverse",30,0.02,2.26,0.30,-4.18,9.12
50784,"Very Inverse",20,0.06,0.79,0.34,-0.28,4.05
50804,"Definite Time",50,0.10,0.00,0.00,0.00,0.00
50804,"Extremely Inverse",10,0.03,0.22,0.50,3.00,0.72
50804,"IAC Extremely Inverse",60,4.0e-03,0.63,0.62,1.78,0.24
50804,"IAC Inverse",80,0.20,0.86,0.80,-0.41,0.19
50804,"IAC Short Inverse",90,0.04,0.06,0.62,-1.0e-03,0.02
50804,"IAC Very Inverse",70,0.09,0.79,0.10,-1.28,7.95
50804,"Moderately Inverse",40,0.17,0.67,0.80,-0.08,0.12
50804,"Normal Inverse",30,0.02,2.26,0.30,-4.18,9.12
50804,"Very Inverse",20,0.06,0.79,0.34,-0.28,4.05
50819,"Definite Time",50,0.10,0.00,0.00,0.00,0.00
50819,"Extremely Inverse",10,0.03,0.22,0.50,3.00,0.72
50819,"IAC Extremely Inverse",60,4.0e-03,0.63,0.62,1.78,0.24
50819,"IAC Inverse",80,0.20,0.86,0.80,-0.41,0.19
50819,"IAC Short Inverse",90,0.04,0.06,0.62,-1.0e-03,0.02
50819,"IAC Very Inverse",70,0.09,0.79,0.10,-1.28,7.95
50819,"Moderately Inverse",40,0.17,0.67,0.80,-0.08,0.12
50819,"Normal Inverse",30,0.02,2.26,0.30,-4.18,9.12
50819,"Very Inverse",20,0.06,0.79,0.34,-0.28,4.05
50829,"Definite Time",50,0.10,0.00,0.00,0.00,0.00
50829,"Extremely Inverse",10,0.03,0.22,0.50,3.00,0.72
50829,"IAC Extremely Inverse",60,4.0e-03,0.63,0.62,1.78,0.24
50829,"IAC Inverse",80,0.20,0.86,0.80,-0.41,0.19
50829,"IAC Short Inverse",90,0.04,0.06,0.62,-1.0e-03,0.02
50829,"IAC Very Inverse",70,0.09,0.79,0.10,-1.28,7.95
50829,"Moderately Inverse",40,0.17,0.67,0.80,-0.08,0.12
50829,"Normal Inverse",30,0.02,2.26,0.30,-4.18,9.12
50829,"Very Inverse",20,0.06,0.79,0.34,-0.28,4.05
50844,"Definite Time",50,0.10,0.00,0.00,0.00,0.00
50844,"Extremely Inverse",10,0.03,0.22,0.50,3.00,0.72
50844,"IAC Extremely Inverse",60,4.0e-03,0.63,0.62,1.78,0.24
50844,"IAC Inverse",80,0.20,0.86,0.80,-0.41,0.19
50844,"IAC Short Inverse",90,0.04,0.06,0.62,-1.0e-03,0.02
50844,"IAC Very Inverse",70,0.09,0.79,0.10,-1.28,7.95
50844,"Moderately Inverse",40,0.17,0.67,0.80,-0.08,0.12
50844,"Normal Inverse",30,0.02,2.26,0.30,-4.18,9.12
50844,"Very Inverse",20,0.06,0.79,0.34,-0.28,4.05
50854,"Definite Time",50,0.10,0.00,0.00,0.00,0.00
50854,"Extremely Inverse",10,0.03,0.22,0.50,3.00,0.72
50854,"IAC Extremely Inverse",60,4.0e-03,0.63,0.62,1.78,0.24
50854,"IAC Inverse",80,0.20,0.86,0.80,-0.41,0.19
50854,"IAC Short Inverse",90,0.04,0.06,0.62,-1.0e-03,0.02
50854,"IAC Very Inverse",70,0.09,0.79,0.10,-1.28,7.95
50854,"Moderately Inverse",40,0.17,0.67,0.80,-0.08,0.12
50854,"Normal Inverse",30,0.02,2.26,0.30,-4.18,9.12
50854,"Very Inverse",20,0.06,0.79,0.34,-0.28,4.05
50859,"Definite Time",50,0.10,0.00,0.00,0.00,0.00
50859,"Extremely Inverse",10,0.03,0.22,0.50,3.00,0.72
50859,"IAC Extremely Inverse",60,4.0e-03,0.63,0.62,1.78,0.24
50859,"IAC Inverse",80,0.20,0.86,0.80,-0.41,0.19
50859,"IAC Short Inverse",90,0.04,0.06,0.62,-1.0e-03,0.02
50859,"IAC Very Inverse",70,0.09,0.79,0.10,-1.28,7.95
50859,"Moderately Inverse",40,0.17,0.67,0.80,-0.08,0.12
50859,"Normal Inverse",30,0.02,2.26,0.30,-4.18,9.12
50859,"Very Inverse",20,0.06,0.79,0.34,-0.28,4.05
50864,"Extremely Inverse",10,0.03,0.22,0.50,3.00,0.72
50864,"IAC Extremely Inverse",50,4.0e-03,0.63,0.62,1.78,0.24
50864,"IAC Inverse",70,0.20,0.86,0.80,-0.41,0.19
50864,"IAC Short Inverse",80,0.04,0.06,0.62,-1.0e-03,0.02
50864,"IAC Very Inverse",60,0.09,0.79,0.10,-1.28,7.95
50864,"Moderately Inverse",40,0.17,0.67,0.80,-0.08,0.12
50864,"Normal Inverse",30,0.02,2.26,0.30,-4.18,9.12
50864,"Very Inverse",20,0.06,0.79,0.34,-0.28,4.05
50885,"Definite Time",50,0.10,0.00,0.00,0.00,0.00
50885,"Extremely Inverse",10,0.03,0.22,0.50,3.00,0.72
50885,"IAC Extremely Inverse",60,4.0e-03,0.63,0.62,1.78,0.24
50885,"IAC Inverse",80,0.20,0.86,0.80,-0.41,0.19
50885,"IAC Short Inverse",90,0.04,0.06,0.62,-1.0e-03,0.02
50885,"IAC Very Inverse",70,0.09,0.79,0.10,-1.28,7.95
50885,"Moderately Inverse",40,0.17,0.67,0.80,-0.08,0.12
50885,"Normal Inverse",30,0.02,2.26,0.30,-4.18,9.12
50885,"Very Inverse",20,0.06,0.79,0.34,-0.28,4.05
50900,"Extremely Inverse",10,0.03,0.22,0.50,3.00,0.72
50900,"IAC Extremely Inverse",50,4.0e-03,0.63,0.62,1.78,0.24
50900,"IAC Inverse",70,0.20,0.86,0.80,-0.41,0.19
50900,"IAC Short Inverse",80,0.04,0.06,0.62,-1.0e-03,0.02
50900,"IAC Very Inverse",60,0.09,0.79,0.10,-1.28,7.95
50900,"Moderately Inverse",40,0.17,0.67,0.80,-0.08,0.12
50900,"Normal Inverse",30,0.02,2.26,0.30,-4.18,9.12
50900,"Very Inverse",20,0.06,0.79,0.34,-0.28,4.05
50905,"Definite Time",50,0.10,0.00,0.00,0.00,0.00
50905,"Extremely Inverse",10,0.03,0.22,0.50,3.00,0.72
50905,"IAC Extremely Inverse",60,4.0e-03,0.63,0.62,1.78,0.24
50905,"IAC Inverse",80,0.20,0.86,0.80,-0.41,0.19
50905,"IAC Short Inverse",90,0.04,0.06,0.62,-1.0e-03,0.02
50905,"IAC Very Inverse",70,0.09,0.79,0.10,-1.28,7.95
50905,"Moderately Inverse",40,0.17,0.67,0.80,-0.08,0.12
50905,"Normal Inverse",30,0.02,2.26,0.30,-4.18,9.12
50905,"Very Inverse",20,0.06,0.79,0.34,-0.28,4.05
50915,"Extremely Inverse",10,0.03,0.22,0.50,3.00,0.72
50915,"IAC Extremely Inverse",50,4.0e-03,0.63,0.62,1.78,0.24
50915,"IAC Inverse",70,0.20,0.86,0.80,-0.41,0.19
50915,"IAC Short Inverse",80,0.04,0.06,0.62,-1.0e-03,0.02
50915,"IAC Very Inverse",60,0.09,0.79,0.10,-1.28,7.95
50915,"Moderately Inverse",40,0.17,0.67,0.80,-0.08,0.12
50915,"Normal Inverse",30,0.02,2.26,0.30,-4.18,9.12
50915,"Very Inverse",20,0.06,0.79,0.34,-0.28,4.05
50926,"Definite Time",50,0.10,0.00,0.00,0.00,0.00
50926,"Extremely Inverse",10,0.03,0.22,0.50,3.00,0.72
50926,"IAC Extremely Inverse",60,4.0e-03,0.63,0.62,1.78,0.24
50926,"IAC Inverse",80,0.20,0.86,0.80,-0.41,0.19
50926,"IAC Short Inverse",90,0.04,0.06,0.62,-1.0e-03,0.02
50926,"IAC Very Inverse",70,0.09,0.79,0.10,-1.28,7.95
50926,"Moderately Inverse",40,0.17,0.67,0.80,-0.08,0.12
50926,"Normal Inverse",30,0.02,2.26,0.30,-4.18,9.12
50926,"Very Inverse",20,0.06,0.79,0.34,-0.28,4.05
50931,"Definite Time",50,0.10,0.00,0.00,0.00,0.00
50931,"Extremely Inverse",10,0.03,0.22,0.50,3.00,0.72
50931,"IAC Extremely Inverse",60,4.0e-03,0.63,0.62,1.78,0.24
50931,"IAC Inverse",80,0.20,0.86,0.80,-0.41,0.19
50931,"IAC Short Inverse",90,0.04,0.06,0.62,-1.0e-03,0.02
50931,"IAC Very Inverse",70,0.09,0.79,0.10,-1.28,7.95
50931,"Moderately Inverse",40,0.17,0.67,0.80,-0.08,0.12
50931,"Normal Inverse",30,0.02,2.26,0.30,-4.18,9.12
50931,"Very Inverse",20,0.06,0.79,0.34,-0.28,4.05
50948,"IAC Ext Inv",10,4.0e-03,0.63,0.62,1.78,0.24
50948,"IAC Inv",30,0.20,0.86,0.80,-0.41,0.19
50948,"IAC S Inv",40,0.04,0.06,0.62,-1.0e-03,0.02
50948,"IAC V Inv",20,0.09,0.79,0.10,-1.28,7.95
51012,"IAC Ext Inv",10,4.0e-03,0.63,0.62,1.78,0.24
51012,"IAC Inv",30,0.20,0.86,0.80,-0.41,0.19
51012,"IAC S Inv",40,0.04,0.06,0.62,-1.0e-03,0.02
51012,"IAC V Inv",20,0.09,0.79,0.10,-1.28,7.95
51497,"ANSI EI",10,0.03,0.22,0.50,3.00,0.72
51497,"ANSI MI",40,0.17,0.67,0.80,-0.08,0.12
51497,"ANSI NI",30,0.02,2.26,0.30,-4.18,9.12
51497,"ANSI VI",20,0.06,0.79,0.34,-0.28,4.05
51514,"IAC Ext Inv",10,4.0e-03,0.63,0.62,1.78,0.24
51514,"IAC Mod Inv",30,0.20,0.86,0.80,-0.41,0.19
51514,"IAC Very Inv",20,0.09,0.79,0.10,-1.28,7.95
51531,"ANSI EI",10,0.03,0.22,0.50,3.00,0.72
51531,"ANSI MI",40,0.17,0.67,0.80,-0.08,0.12
51531,"ANSI NI",30,0.02,2.26,0.30,-4.18,9.12
51531,"ANSI VI",20,0.06,0.79,0.34,-0.28,4.05
51548,"IAC Ext Inv",10,4.0e-03,0.63,0.62,1.78,0.24
51548,"IAC Mod Inv",30,0.20,0.86,0.80,-0.41,0.19
51548,"IAC Very Inv",20,0.09,0.79,0.10,-1.28,7.95
51565,"ANSI EI",10,0.03,0.22,0.50,3.00,0.72
51565,"ANSI MI",40,0.17,0.67,0.80,-0.08,0.12
51565,"ANSI NI",30,0.02,2.26,0.30,-4.18,9.12
51565,"ANSI VI",20,0.06,0.79,0.34,-0.28,4.05
51583,"IAC Ext Inv",10,4.0e-03,0.63,0.62,1.78,0.24
51583,"IAC Mod Inv",30,0.20,0.86,0.80,-0.41,0.19
51583,"IAC Very Inv",20,0.09,0.79,0.10,-1.28,7.95
51601,"ANSI EI",10,0.03,0.22,0.50,3.00,0.72
51601,"ANSI MI",40,0.17,0.67,0.80,-0.08,0.12
51601,"ANSI NI",30,0.02,2.26,0.30,-4.18,9.12
51601,"ANSI VI",20,0.06,0.79,0.34,-0.28,4.05
51617,"IAC Ext Inv",10,4.0e-03,0.63,0.62,1.78,0.24
51617,"IAC Mod Inv",30,0.20,0.86,0.80,-0.41,0.19
51617,"IAC Very Inv",20,0.09,0.79,0.10,-1.28,7.95
53890,"Extremely Inverse",30,0.04,6.93,0.62,19.42,2.67
53890,"Inverse",10,0.94,2.90,0.80,-1.40,0.65
53890,"Very Inverse",20,0.54,4.81,0.10,-7.80,48.23
53920,"Extremely Inverse",30,0.04,6.93,0.62,19.42,2.67
53920,"Inverse",10,0.94,2.90,0.80,-1.40,0.65
53920,"Very Inverse",20,0.54,4.81,0.10,-7.80,48.23
53950,"Extremely Inverse",30,0.04,6.93,0.62,19.42,2.67
53950,"Inverse",10,0.94,2.90,0.80,-1.40,0.65
53950,"Very Inverse",20,0.54,4.81,0.10,-7.80,48.23
53980,"Extremely Inverse",30,0.04,6.93,0.62,19.42,2.67
53980,"Inverse",10,0.94,2.90,0.80,-1.40,0.65
53980,"Very Inverse",20,0.54,4.81,0.10,-7.80,48.23
54010,"Extremely Inverse",30,0.04,6.93,0.62,19.42,2.67
54010,"Inverse",10,0.94,2.90,0.80,-1.40,0.65
54010,"Very Inverse",20,0.54,4.81,0.10,-7.80,48.23
54056,"Extremely Inverse",30,0.04,6.93,0.62,19.42,2.67
54056,"Inverse",10,0.94,2.90,0.80,-1.40,0.65
54056,"Very Inverse",20,0.54,4.81,0.10,-7.80,48.23
54081,"Extremely Inverse",30,0.04,6.93,0.62,19.42,2.67
54081,"Inverse",10,0.94,2.90,0.80,-1.40,0.65
54081,"Very Inverse",20,0.54,4.81,0.10,-7.80,48.23
54106,"Extremely Inverse",30,0.04,6.93,0.62,19.42,2.67
54106,"Inverse",10,0.94,2.90,0.80,-1.40,0.65
54106,"Very Inverse",20,0.54,4.81,0.10,-7.80,48.23
54132,"Extremely Inverse",30,0.04,6.93,0.62,19.42,2.67
54132,"Inverse",10,0.94,2.90,0.80,-1.40,0.65
54132,"Very Inverse",20,0.54,4.81,0.10,-7.80,48.23
54157,"Extremely Inverse",30,0.04,6.93,0.62,19.42,2.67
54157,"Inverse",10,0.94,2.90,0.80,-1.40,0.65
54157,"Very Inverse",20,0.54,4.81,0.10,-7.80,48.23
54446,"Definite Time",10,0.10,0.00,0.00,0.00,0.00
54446,"IAC Extremely Inverse",20,4.0e-03,0.63,0.62,1.78,0.24
54446,"IAC Inverse",40,0.20,0.86,0.80,-0.41,0.19
54446,"IAC Short Inverse",50,0.04,0.06,0.62,-1.0e-03,0.02
54446,"IAC Very Inverse",30,0.09,0.79,0.10,-1.28,7.95
54462,"Definite Time",10,0.10,0.00,0.00,0.00,0.00
54462,"IAC Extremely Inverse",20,4.0e-03,0.63,0.62,1.78,0.24
54462,"IAC Inverse",40,0.20,0.86,0.80,-0.41,0.19
54462,"IAC Short Inverse",50,0.04,0.06,0.62,-1.0e-03,0.02
54462,"IAC Very Inverse",30,0.09,0.79,0.10,-1.28,7.95
54478,"Definite Time",10,0.10,0.00,0.00,0.00,0.00
54478,"IAC Extremely Inverse",20,4.0e-03,0.63,0.62,1.78,0.24
54478,"IAC Inverse",40,0.20,0.86,0.80,-0.41,0.19
54478,"IAC Short Inverse",50,0.04,0.06,0.62,-1.0e-03,0.02
54478,"IAC Very Inverse",30,0.09,0.79,0.10,-1.28,7.95
54494,"Definite Time",10,0.10,0.00,0.00,0.00,0.00
54494,"IAC Extremely Inverse",20,4.0e-03,0.63,0.62,1.78,0.24
54494,"IAC Inverse",40,0.20,0.86,0.80,-0.41,0.19
54494,"IAC Short Inverse",50,0.04,0.06,0.62,-1.0e-03,0.02
54494,"IAC Very Inverse",30,0.09,0.79,0.10,-1.28,7.95
54509,"Definite Time",10,0.10,0.00,0.00,0.00,0.00
54509,"IAC Extremely Inverse",20,4.0e-03,0.63,0.62,1.78,0.24
54509,"IAC Inverse",40,0.20,0.86,0.80,-0.41,0.19
54509,"IAC Short Inverse",50,0.04,0.06,0.62,-1.0e-03,0.02
54509,"IAC Very Inverse",30,0.09,0.79,0.10,-1.28,7.95
54525,"Definite Time",10,0.10,0.00,0.00,0.00,0.00
54525,"IAC Extremely Inverse",20,4.0e-03,0.63,0.62,1.78,0.24
54525,"IAC Inverse",40,0.20,0.86,0.80,-0.41,0.19
54525,"IAC Short Inverse",50,0.04,0.06,0.62,-1.0e-03,0.02
54525,"IAC Very Inverse",30,0.09,0.79,0.10,-1.28,7.95
54548,"Definite Time",10,0.05,0.00,0.00,0.00,0.00
54548,"IAC Extremely Inverse",20,4.0e-03,0.63,0.62,1.78,0.24
54548,"IAC Inverse",40,0.20,0.86,0.80,-0.41,0.19
54548,"IAC Short Inverse",50,0.04,0.06,0.62,-1.0e-03,0.02
54548,"IAC Very Inverse",30,0.09,0.79,0.10,-1.28,7.95
54564,"Definite Time",10,0.05,0.00,0.00,0.00,0.00
54564,"IAC Extremely Inverse",20,4.0e-03,0.63,0.62,1.78,0.24
54564,"IAC Inverse",40,0.20,0.86,0.80,-0.41,0.19
54564,"IAC Short Inverse",50,0.04,0.06,0.62,-1.0e-03,0.02
54564,"IAC Very Inverse",30,0.09,0.79,0.10,-1.28,7.95
54585,"Definite Time",10,0.05,0.00,0.00,0.00,0.00
54585,"IAC Extremely Inverse",20,4.0e-03,0.63,0.62,1.78,0.24
54585,"IAC Inverse",40,0.20,0.86,0.80,-0.41,0.19
54585,"IAC Short Inverse",50,0.04,0.06,0.62,-1.0e-03,0.02
54585,"IAC Very Inverse",30,0.09,0.79,0.10,-1.28,7.95
54600,"Definite Time",10,0.05,0.00,0.00,0.00,0.00
54600,"IAC Extremely Inverse",20,4.0e-03,0.63,0.62,1.78,0.24
54600,"IAC Inverse",40,0.20,0.86,0.80,-0.41,0.19
54600,"IAC Short Inverse",50,0.04,0.06,0.62,-1.0e-03,0.02
54600,"IAC Very Inverse",30,0.09,0.79,0.10,-1.28,7.95
54621,"Definite Time",10,0.05,0.00,0.00,0.00,0.00
54621,"IAC Extremely Inverse",20,4.0e-03,0.63,0.62,1.78,0.24
54621,"IAC Inverse",40,0.20,0.86,0.80,-0.41,0.19
54621,"IAC Short Inverse",50,0.04,0.06,0.62,-1.0e-03,0.02
54621,"IAC Very Inverse",30,0.09,0.79,0.10,-1.28,7.95
54637,"Definite Time",10,0.05,0.00,0.00,0.00,0.00
54637,"IAC Extremely Inverse",20,4.0e-03,0.63,0.62,1.78,0.24
54637,"IAC Inverse",40,0.20,0.86,0.80,-0.41,0.19
54637,"IAC Short Inverse",50,0.04,0.06,0.62,-1.0e-03,0.02
54637,"IAC Very Inverse",30,0.09,0.79,0.10,-1.28,7.95
54658,"Definite Time",10,0.05,0.00,0.00,0.00,0.00
54658,"IAC Extremely Inverse",20,4.0e-03,0.63,0.62,1.78,0.24
54658,"IAC Inverse",40,0.20,0.86,0.80,-0.41,0.19
54658,"IAC Short Inverse",50,0.04,0.06,0.62,-1.0e-03,0.02
54658,"IAC Very Inverse",30,0.09,0.79,0.10,-1.28,7.95
54679,"Definite Time",50,0.10,0.00,0.00,0.00,0.00
54679,"Extremely Inverse",10,0.03,0.22,0.50,3.00,0.72
54679,"Moderately Inverse",40,0.17,0.67,0.80,-0.08,0.12
54679,"Normal Inverse",30,0.02,2.26,0.30,-4.18,9.12
54679,"Very Inverse",20,0.06,0.79,0.34,-0.28,4.05
54700,"Definite Time",50,0.10,0.00,0.00,0.00,0.00
54700,"Extremely Inverse",10,0.03,0.22,0.50,3.00,0.72
54700,"Moderately Inverse",40,0.17,0.67,0.80,-0.08,0.12
54700,"Normal Inverse",30,0.02,2.26,0.30,-4.18,9.12
54700,"Very Inverse",20,0.06,0.79,0.34,-0.28,4.05
54721,"Definite Time",50,0.10,0.00,0.00,0.00,0.00
54721,"Extremely Inverse",10,0.03,0.22,0.50,3.00,0.72
54721,"Moderately Inverse",40,0.17,0.67,0.80,-0.08,0.12
54721,"Normal Inverse",30,0.02,2.26,0.30,-4.18,9.12
54721,"Very Inverse",20,0.06,0.79,0.34,-0.28,4.05
54753,"Definite Time",50,0.10,0.00,0.00,0.00,0.00
54753,"Extremely Inverse",10,0.03,0.22,0.50,3.00,0.72
54753,"Moderately Inverse",40,0.17,0.67,0.80,-0.08,0.12
54753,"Normal Inverse",30,0.02,2.26,0.30,-4.18,9.12
54753,"Very Inverse",20,0.06,0.79,0.34,-0.28,4.05
54759,"Definite Time",50,0.10,0.00,0.00,0.00,0.00
54759,"IAC Extremely Inverse",10,4.0e-03,0.63,0.62,1.78,0.24
54759,"IAC Inverse",40,0.20,0.86,0.80,-0.41,0.19
54759,"IAC Short Inverse",30,0.04,0.06,0.62,-1.0e-03,0.02
54759,"IAC Very Inverse",20,0.09,0.79,0.10,-1.28,7.95
54775,"Definite Time",50,0.10,0.00,0.00,0.00,0.00
54775,"Extremely Inverse",10,0.03,0.22,0.50,3.00,0.72
54775,"Moderately Inverse",40,0.17,0.67,0.80,-0.08,0.12
54775,"Normal Inverse",30,0.02,2.26,0.30,-4.18,9.12
54775,"Very Inverse",20,0.06,0.79,0.34,-0.28,4.05
54781,"Definite Time",50,0.10,0.00,0.00,0.00,0.00
54781,"Extremely Inverse",10,0.03,0.22,0.50,3.00,0.72
54781,"Moderately Inverse",40,0.17,0.67,0.80,-0.08,0.12
54781,"Normal Inverse",30,0.02,2.26,0.30,-4.18,9.12
54781,"Very Inverse",20,0.06,0.79,0.34,-0.28,4.05
54786,"Definite Time",50,0.10,0.00,0.00,0.00,0.00
54786,"Extremely Inverse",10,4.0e-03,0.63,0.62,1.78,0.24
54786,"IAC Inverse",40,0.20,0.86,0.80,-0.41,0.19
54786,"IAC Short Inverse",30,0.04,0.06,0.62,-1.0e-03,0.02
54786,"IAC Very Inverse",20,0.09,0.79,0.10,-1.28,7.95
54797,"Definite Time",50,0.10,0.00,0.00,0.00,0.00
54797,"Extremely Inverse",10,0.03,0.22,0.50,3.00,0.72
54797,"Moderately Inverse",40,0.17,0.67,0.80,-0.08,0.12
54797,"Normal Inverse",30,0.02,2.26,0.30,-4.18,9.12
54797,"Very Inverse",20,0.06,0.79,0.34,-0.28,4.05
54803,"Definite Time",50,0.10,0.00,0.00,0.00,0.00
54803,"IAC Extremely Inverse",10,4.0e-03,0.63,0.62,1.78,0.24
54803,"IAC Inverse",40,0.20,0.86,0.80,-0.41,0.19
54803,"IAC Short Inverse",30,0.04,0.06,0.62,-1.0e-03,0.02
54803,"IAC Very Inverse",20,0.09,0.79,0.10,-1.28,7.95
54819,"Definite Time",50,0.10,0.00,0.00,0.00,0.00
54819,"Extremely Inverse",10,0.03,0.22,0.50,3.00,0.72
54819,"Moderately Inverse",40,0.17,0.67,0.80,-0.08,0.12
54819,"Normal Inverse",30,0.02,2.26,0.30,-4.18,9.12
54819,"Very Inverse",20,0.06,0.79,0.34,-0.28,4.05
54825,"Definite Time",50,0.10,0.00,0.00,0.00,0.00
54825,"Extremely Inverse",10,4.0e-03,0.63,0.62,1.78,0.24
54825,"IAC Inverse",40,0.20,0.86,0.80,-0.41,0.19
54825,"IAC Short Inverse",30,0.04,0.06,0.62,-1.0e-03,0.02
54825,"IAC Very Inverse",20,0.09,0.79,0.10,-1.28,7.95
54830,"Definite Time",50,0.10,0.00,0.00,0.00,0.00
54830,"Extremely Inverse",10,0.03,0.22,0.50,3.00,0.72
54830,"Moderately Inverse",40,0.17,0.67,0.80,-0.08,0.12
54830,"Normal Inverse",30,0.02,2.26,0.30,-4.18,9.12
54830,"Very Inverse",20,0.06,0.79,0.34,-0.28,4.05
54840,"Extremely Inverse",10,0.03,0.22,0.50,3.00,0.72
54840,"IAC Extremely Inverse",50,4.0e-03,0.63,0.62,1.78,0.24
54840,"IAC Inverse",70,0.20,0.86,0.80,-0.41,0.19
54840,"IAC Short Inverse",80,0.04,0.06,0.62,-1.0e-03,0.02
54840,"IAC Very Inverse",60,0.09,0.79,0.10,-1.28,7.95
54840,"Moderately Inverse",40,0.17,0.67,0.80,-0.08,0.12
54840,"Normal Inverse",30,0.02,2.26,0.30,-4.18,9.12
54840,"Very Inverse",20,0.06,0.79,0.34,-0.28,4.05
54850,"Extremely Inverse",10,0.03,0.22,0.50,3.00,0.72
54850,"IAC Extremely Inverse",50,4.0e-03,0.63,0.62,1.78,0.24
54850,"IAC Inverse",70,0.20,0.86,0.80,-0.41,0.19
54850,"IAC Short Inverse",80,0.04,0.06,0.62,-1.0e-03,0.02
54850,"IAC Very Inverse",60,0.09,0.79,0.10,-1.28,7.95
54850,"Moderately Inverse",40,0.17,0.67,0.80,-0.08,0.12
54850,"Normal Inverse",30,0.02,2.26,0.30,-4.18,9.12
54850,"Very Inverse",20,0.06,0.79,0.34,-0.28,4.05
54860,"Extremely Inverse",10,0.03,0.22,0.50,3.00,0.72
54860,"IAC Extremely Inverse",50,4.0e-03,0.63,0.62,1.78,0.24
54860,"IAC Inverse",70,0.20,0.86,0.80,-0.41,0.19
54860,"IAC Short Inverse",80,0.04,0.06,0.62,-1.0e-03,0.02
54860,"IAC Very Inverse",60,0.09,0.79,0.10,-1.28,7.95
54860,"Moderately Inverse",40,0.17,0.67,0.80,-0.08,0.12
54860,"Normal Inverse",30,0.02,2.26,0.30,-4.18,9.12
54860,"Very Inverse",20,0.06,0.79,0.34,-0.28,4.05
54871,"Extremely Inverse",10,0.03,0.22,0.50,3.00,0.72
54871,"IAC Extremely Inverse",50,4.0e-03,0.63,0.62,1.78,0.24
54871,"IAC Inverse",70,0.20,0.86,0.80,-0.41,0.19
54871,"IAC Short Inverse",80,0.04,0.06,0.62,-1.0e-03,0.02
54871,"IAC Very Inverse",60,0.09,0.79,0.10,-1.28,7.95
54871,"Moderately Inverse",40,0.17,0.67,0.80,-0.08,0.12
54871,"Normal Inverse",30,0.02,2.26,0.30,-4.18,9.12
54871,"Very Inverse",20,0.06,0.79,0.34,-0.28,4.05
54890,"Extremely Inverse",10,0.03,0.22,0.50,3.00,0.72
54890,"IAC Extremely Inverse",50,4.0e-03,0.63,0.62,1.78,0.24
54890,"IAC Inverse",70,0.20,0.86,0.80,-0.41,0.19
54890,"IAC Short Inverse",80,0.04,0.06,0.62,-1.0e-03,0.02
54890,"IAC Very Inverse",60,0.09,0.79,0.10,-1.28,7.95
54890,"Moderately Inverse",40,0.17,0.67,0.80,-0.08,0.12
54890,"Normal Inverse",30,0.02,2.26,0.30,-4.18,9.12
54890,"Very Inverse",20,0.06,0.79,0.34,-0.28,4.05
54895,"Extremely Inverse",10,0.03,0.22,0.50,3.00,0.72
54895,"IAC Extremely Inverse",50,4.0e-03,0.63,0.62,1.78,0.24
54895,"IAC Inverse",70,0.20,0.86,0.80,-0.41,0.19
54895,"IAC Short Inverse",80,0.04,0.06,0.62,-1.0e-03,0.02
54895,"IAC Very Inverse",60,0.09,0.79,0.10,-1.28,7.95
54895,"Moderately Inverse",40,0.17,0.67,0.80,-0.08,0.12
54895,"Normal Inverse",30,0.02,2.26,0.30,-4.18,9.12
54895,"Very Inverse",20,0.06,0.79,0.34,-0.28,4.05
54902,"Extremely Inverse",10,0.03,0.22,0.50,3.00,0.72
54902,"IAC Extremely Inverse",50,4.0e-03,0.63,0.62,1.78,0.24
54902,"IAC Inverse",70,0.20,0.86,0.80,-0.41,0.19
54902,"IAC Short Inverse",80,0.04,0.06,0.62,-1.0e-03,0.02
54902,"IAC Very Inverse",60,0.09,0.79,0.10,-1.28,7.95
54902,"Moderately Inverse",40,0.17,0.67,0.80,-0.08,0.12
54902,"Normal Inverse",30,0.02,2.26,0.30,-4.18,9.12
54902,"Very Inverse",20,0.06,0.79,0.34,-0.28,4.05
54912,"Extremely Inverse",10,0.03,0.22,0.50,3.00,0.72
54912,"IAC Extremely Inverse",50,4.0e-03,0.63,0.62,1.78,0.24
54912,"IAC Inverse",70,0.20,0.86,0.80,-0.41,0.19
54912,"IAC Short Inverse",80,0.04,0.06,0.62,-1.0e-03,0.02
54912,"IAC Very Inverse",60,0.09,0.79,0.10,-1.28,7.95
54912,"Moderately Inverse",40,0.17,0.67,0.80,-0.08,0.12
54912,"Normal Inverse",30,0.02,2.26,0.30,-4.18,9.12
54912,"Very Inverse",20,0.06,0.79,0.34,-0.28,4.05
54917,"Extremely Inverse",10,0.03,0.22,0.50,3.00,0.72
54917,"IAC Extremely Inverse",50,4.0e-03,0.63,0.62,1.78,0.24
54917,"IAC Inverse",70,0.20,0.86,0.80,-0.41,0.19
54917,"IAC Short Inverse",80,0.04,0.06,0.62,-1.0e-03,0.02
54917,"IAC Very Inverse",60,0.09,0.79,0.10,-1.28,7.95
54917,"Moderately Inverse",40,0.17,0.67,0.80,-0.08,0.12
54917,"Normal Inverse",30,0.02,2.26,0.30,-4.18,9.12
54917,"Very Inverse",20,0.06,0.79,0.34,-0.28,4.05
54924,"Extremely Inverse",10,0.03,0.22,0.50,3.00,0.72
54924,"IAC Extremely Inverse",50,4.0e-03,0.63,0.62,1.78,0.24
54924,"IAC Inverse",70,0.20,0.86,0.80,-0.41,0.19
54924,"IAC Short Inverse",80,0.04,0.06,0.62,-1.0e-03,0.02
54924,"IAC Very Inverse",60,0.09,0.79,0.10,-1.28,7.95
54924,"Moderately Inverse",40,0.17,0.67,0.80,-0.08,0.12
54924,"Normal Inverse",30,0.02,2.26,0.30,-4.18,9.12
54924,"Very Inverse",20,0.06,0.79,0.34,-0.28,4.05
54943,"Definite Time",50,0.10,0.00,0.00,0.00,0.00
54943,"Extremely Inverse",10,0.03,0.22,0.50,3.00,0.72
54943,"IAC Extremely Inverse",60,4.0e-03,0.63,0.62,1.78,0.24
54943,"IAC Inverse",80,0.20,0.86,0.80,-0.41,0.19
54943,"IAC Short Inverse",90,0.04,0.06,0.62,-1.0e-03,0.02
54943,"IAC Very Inverse",70,0.09,0.79,0.10,-1.28,7.95
54943,"Moderately Inverse",40,0.17,0.67,0.80,-0.08,0.12
54943,"Normal Inverse",30,0.02,2.26,0.30,-4.18,9.12
54943,"Very Inverse",20,0.06,0.79,0.34,-0.28,4.05
54958,"Definite Time",50,0.10,0.00,0.00,0.00,0.00
54958,"Extremely Inverse",10,0.03,0.22,0.50,3.00,0.72
54958,"IAC Extremely Inverse",60,4.0e-03,0.63,0.62,1.78,0.24
54958,"IAC Inverse",80,0.20,0.86,0.80,-0.41,0.19
54958,"IAC Short Inverse",90,0.04,0.06,0.62,-1.0e-03,0.02
54958,"IAC Very Inverse",70,0.09,0.79,0.10,-1.28,7.95
54958,"Moderately Inverse",40,0.17,0.67,0.80,-0.08,0.12
54958,"Normal Inverse",30,0.02,2.26,0.30,-4.18,9.12
54958,"Very Inverse",20,0.06,0.79,0.34,-0.28,4.05
54968,"Definite Time",50,0.10,0.00,0.00,0.00,0.00
54968,"Extremely Inverse",10,0.03,0.22,0.50,3.00,0.72
54968,"IAC Extremely Inverse",60,4.0e-03,0.63,0.62,1.78,0.24
54968,"IAC Inverse",80,0.20,0.86,0.80,-0.41,0.19
54968,"IAC Short Inverse",90,0.04,0.06,0.62,-1.0e-03,0.02
54968,"IAC Very Inverse",70,0.09,0.79,0.10,-1.28,7.95
54968,"Moderately Inverse",40,0.17,0.67,0.80,-0.08,0.12
54968,"Normal Inverse",30,0.02,2.26,0.30,-4.18,9.12
54968,"Very Inverse",20,0.06,0.79,0.34,-0.28,4.05
54983,"Definite Time",50,0.10,0.00,0.00,0.00,0.00
54983,"Extremely Inverse",10,0.03,0.22,0.50,3.00,0.72
54983,"IAC Extremely Inverse",60,4.0e-03,0.63,0.62,1.78,0.24
54983,"IAC Inverse",80,0.20,0.86,0.80,-0.41,0.19
54983,"IAC Short Inverse",90,0.04,0.06,0.62,-1.0e-03,0.02
54983,"IAC Very Inverse",70,0.09,0.79,0.10,-1.28,7.95
54983,"Moderately Inverse",40,0.17,0.67,0.80,-0.08,0.12
54983,"Normal Inverse",30,0.02,2.26,0.30,-4.18,9.12
54983,"Very Inverse",20,0.06,0.79,0.34,-0.28,4.05
54993,"Definite Time",50,0.10,0.00,0.00,0.00,0.00
54993,"Extremely Inverse",10,0.03,0.22,0.50,3.00,0.72
54993,"IAC Extremely Inverse",60,4.0e-03,0.63,0.62,1.78,0.24
54993,"IAC Inverse",80,0.20,0.86,0.80,-0.41,0.19
54993,"IAC Short Inverse",90,0.04,0.06,0.62,-1.0e-03,0.02
54993,"IAC Very Inverse",70,0.09,0.79,0.10,-1.28,7.95
54993,"Moderately Inverse",40,0.17,0.67,0.80,-0.08,0.12
54993,"Normal Inverse",30,0.02,2.26,0.30,-4.18,9.12
54993,"Very Inverse",20,0.06,0.79,0.34,-0.28,4.05
54998,"Definite Time",50,0.10,0.00,0.00,0.00,0.00
54998,"Extremely Inverse",10,0.03,0.22,0.50,3.00,0.72
54998,"IAC Extremely Inverse",60,4.0e-03,0.63,0.62,1.78,0.24
54998,"IAC Inverse",80,0.20,0.86,0.80,-0.41,0.19
54998,"IAC Short Inverse",90,0.04,0.06,0.62,-1.0e-03,0.02
54998,"IAC Very Inverse",70,0.09,0.79,0.10,-1.28,7.95
54998,"Moderately Inverse",40,0.17,0.67,0.80,-0.08,0.12
54998,"Normal Inverse",30,0.02,2.26,0.30,-4.18,9.12
54998,"Very Inverse",20,0.06,0.79,0.34,-0.28,4.05
55003,"Extremely Inverse",10,0.03,0.22,0.50,3.00,0.72
55003,"IAC Extremely Inverse",50,4.0e-03,0.63,0.62,1.78,0.24
55003,"IAC Inverse",70,0.20,0.86,0.80,-0.41,0.19
55003,"IAC Short Inverse",80,0.04,0.06,0.62,-1.0e-03,0.02
55003,"IAC Very Inverse",60,0.09,0.79,0.10,-1.28,7.95
55003,"Moderately Inverse",40,0.17,0.67,0.80,-0.08,0.12
55003,"Normal Inverse",30,0.02,2.26,0.30,-4.18,9.12
55003,"Very Inverse",20,0.06,0.79,0.34,-0.28,4.05
55022,"Definite Time",50,0.10,0.00,0.00,0.00,0.00
55022,"Extremely Inverse",10,0.03,0.22,0.50,3.00,0.72
55022,"IAC Extremely Inverse",60,4.0e-03,0.63,0.62,1.78,0.24
55022,"IAC Inverse",80,0.20,0.86,0.80,-0.41,0.19
55022,"IAC Short Inverse",90,0.04,0.06,0.62,-1.0e-03,0.02
55022,"IAC Very Inverse",70,0.09,0.79,0.10,-1.28,7.95
55022,"Moderately Inverse",40,0.17,0.67,0.80,-0.08,0.12
55022,"Normal Inverse",30,0.02,2.26,0.30,-4.18,9.12
55022,"Very Inverse",20,0.06,0.79,0.34,-0.28,4.05
55037,"Extremely Inverse",10,0.03,0.22,0.50,3.00,0.72
55037,"IAC Extremely Inverse",50,4.0e-03,0.63,0.62,1.78,0.24
55037,"IAC Inverse",70,0.20,0.86,0.80,-0.41,0.19
55037,"IAC Short Inverse",80,0.04,0.06,0.62,-1.0e-03,0.02
55037,"IAC Very Inverse",60,0.09,0.79,0.10,-1.28,7.95
55037,"Moderately Inverse",40,0.17,0.67,0.80,-0.08,0.12
55037,"Normal Inverse",30,0.02,2.26,0.30,-4.18,9.12
55037,"Very Inverse",20,0.06,0.79,0.34,-0.28,4.05
55042,"Definite Time",50,0.10,0.00,0.00,0.00,0.00
55042,"Extremely Inverse",10,0.03,0.22,0.50,3.00,0.72
55042,"IAC Extremely Inverse",60,4.0e-03,0.63,0.62,1.78,0.24
55042,"IAC Inverse",80,0.20,0.86,0.80,-0.41,0.19
55042,"IAC Short Inverse",90,0.04,0.06,0.62,-1.0e-03,0.02
55042,"IAC Very Inverse",70,0.09,0.79,0.10,-1.28,7.95
55042,"Moderately Inverse",40,0.17,0.67,0.80,-0.08,0.12
55042,"Normal Inverse",30,0.02,2.26,0.30,-4.18,9.12
55042,"Very Inverse",20,0.06,0.79,0.34,-0.28,4.05
55052,"Extremely Inverse",10,0.03,0.22,0.50,3.00,0.72
55052,"IAC Extremely Inverse",50,4.0e-03,0.63,0.62,1.78,0.24
55052,"IAC Inverse",70,0.20,0.86,0.80,-0.41,0.19
55052,"IAC Short Inverse",80,0.04,0.06,0.62,-1.0e-03,0.02
55052,"IAC Very Inverse",60,0.09,0.79,0.10,-1.28,7.95
55052,"Moderately Inverse",40,0.17,0.67,0.80,-0.08,0.12
55052,"Normal Inverse",30,0.02,2.26,0.30,-4.18,9.12
55052,"Very Inverse",20,0.06,0.79,0.34,-0.28,4.05
55063,"Definite Time",50,0.10,0.00,0.00,0.00,0.00
55063,"Extremely Inverse",10,0.03,0.22,0.50,3.00,0.72
55063,"IAC Extremely Inverse",60,4.0e-03,0.63,0.62,1.78,0.24
55063,"IAC Inverse",80,0.20,0.86,0.80,-0.41,0.19
55063,"IAC Short Inverse",90,0.04,0.06,0.62,-1.0e-03,0.02
55063,"IAC Very Inverse",70,0.09,0.79,0.10,-1.28,7.95
55063,"Moderately Inverse",40,0.17,0.67,0.80,-0.08,0.12
55063,"Normal Inverse",30,0.02,2.26,0.30,-4.18,9.12
55063,"Very Inverse",20,0.06,0.79,0.34,-0.28,4.05
55068,"Definite Time",50,0.10,0.00,0.00,0.00,0.00
55068,"Extremely Inverse",10,0.03,0.22,0.50,3.00,0.72
55068,"IAC Extremely Inverse",60,4.0e-03,0.63,0.62,1.78,0.24
55068,"IAC Inverse",80,0.20,0.86,0.80,-0.41,0.19
55068,"IAC Short Inverse",90,0.04,0.06,0.62,-1.0e-03,0.02
55068,"IAC Very Inverse",70,0.09,0.79,0.10,-1.28,7.95
55068,"Moderately Inverse",40,0.17,0.67,0.80,-0.08,0.12
55068,"Normal Inverse",30,0.02,2.26,0.30,-4.18,9.12
55068,"Very Inverse",20,0.06,0.79,0.34,-0.28,4.05
60521,"Extremely Inverse",30,0.04,6.93,0.62,19.42,2.67
60521,"Inverse",10,0.70,2.90,0.80,-1.40,0.65
60521,"Very Inverse",20,0.54,4.81,0.10,-7.80,48.23
60570,"Extremely Inverse",30,0.04,6.93,0.62,19.42,2.67
60570,"Inverse",10,0.70,2.90,0.80,-1.40,0.65
60570,"Very Inverse",20,0.54,4.81,0.10,-7.80,48.23
60757,"Extremly Inverse",40,0.03,0.22,0.50,3.00,0.72
60757,"Moderately Inverse",20,0.17,0.67,0.80,-0.08,0.12
60757,"Normal Inverse",10,0.02,2.26,0.30,-4.18,9.12
60757,"Very Inverse",30,0.06,0.79,0.34,-0.28,4.05
60772,"Extremly Inverse",40,0.03,0.22,0.50,3.00,0.72
60772,"Moderately Inverse",20,0.17,0.67,0.80,-0.08,0.12
60772,"Normal Inverse",10,0.02,2.26,0.30,-4.18,9.12
60772,"Very Inverse",30,0.06,0.79,0.34,-0.28,4.05
60787,"Extremly Inverse",40,0.03,0.22,0.50,3.00,0.72
60787,"Moderately Inverse",20,0.17,0.67,0.80,-0.08,0.12
60787,"Normal Inverse",10,0.02,2.26,0.30,-4.18,9.12
60787,"Very Inverse",30,0.06,0.79,0.34,-0.28,4.05
64760,"ANSI Ext Inv",10,0.03,0.22,0.50,3.00,0.72
64760,"ANSI Mod Inv",40,0.17,0.67,0.80,-0.08,0.12
64760,"ANSI N Inv",30,0.02,2.26,0.30,-4.18,9.12
64760,"ANSI V Inv",20,0.06,0.79,0.34,-0.28,4.05
64772,"ANSI Ext Inv",10,0.03,0.22,0.50,3.00,0.72
64772,"ANSI Mod Inv",40,0.17,0.67,0.80,-0.08,0.12
64772,"ANSI N Inv",30,0.02,2.26,0.30,-4.18,9.12
64772,"ANSI V Inv",20,0.06,0.79,0.34,-0.28,4.05
64789,"IAC Extremely Inverse",10,4.0e-03,0.63,0.62,1.78,0.24
64789,"IAC Inverse",30,0.20,0.86,0.80,-0.41,0.19
64789,"IAC Short Inverse",40,0.04,0.06,0.62,-1.0e-03,0.02
64789,"IAC Very Inverse",20,0.09,0.79,0.10,-1.28,7.95
64811,"IAC Extremely Inverse",10,4.0e-03,0.63,0.62,1.78,0.24
64811,"IAC Inverse",30,0.20,0.86,0.80,-0.41,0.19
64811,"IAC Short Inverse",40,0.04,0.06,0.62,-1.0e-03,0.02
64811,"IAC Very Inverse",20,0.09,0.79,0.10,-1.28,7.95
64828,"ANSI Ext Inv",10,0.03,0.22,0.50,3.00,0.72
64828,"ANSI Mod Inv",40,0.17,0.67,0.80,-0.08,0.12
64828,"ANSI N Inv",30,0.02,2.26,0.30,-4.18,9.12
64828,"ANSI V Inv",20,0.06,0.79,0.34,-0.28,4.05
64845,"IAC Extremely Inverse",10,4.0e-03,0.63,0.62,1.78,0.24
64845,"IAC Inverse",30,0.20,0.86,0.80,-0.41,0.19
64845,"IAC Short Inverse",40,0.04,0.06,0.62,-1.0e-03,0.02
64845,"IAC Very Inverse",20,0.09,0.79,0.10,-1.28,7.95
64862,"ANSI Ext Inv",10,0.03,0.22,0.50,3.00,0.72
64862,"ANSI Mod Inv",40,0.17,0.67,0.80,-0.08,0.12
64862,"ANSI N Inv",30,0.02,2.26,0.30,-4.18,9.12
64862,"ANSI V Inv",20,0.06,0.79,0.34,-0.28,4.05
64879,"IAC Extremely Inverse",10,4.0e-03,0.63,0.62,1.78,0.24
64879,"IAC Inverse",30,0.20,0.86,0.80,-0.41,0.19
64879,"IAC Short Inverse",40,0.04,0.06,0.62,-1.0e-03,0.02
64879,"IAC Very Inverse",20,0.09,0.79,0.10,-1.28,7.95
65041,"Definite Time",50,0.10,0.00,0.00,0.00,0.00
65041,"Extremely Inverse",10,0.03,0.22,0.50,3.00,0.72
65041,"IAC Extremely Inverse",60,4.0e-03,0.63,0.62,1.78,0.24
65041,"IAC Inverse",80,0.20,0.86,0.80,-0.41,0.19
65041,"IAC Short Inverse",90,0.04,0.06,0.62,-1.0e-03,0.02
65041,"IAC Very Inverse",70,0.09,0.79,0.10,-1.28,7.95
65041,"Moderately Inverse",40,0.17,0.67,0.80,-0.08,0.12
65041,"Normal Inverse",30,0.02,2.26,0.30,-4.18,9.12
65041,"Very Inverse",20,0.06,0.79,0.34,-0.28,4.05
65050,"Definite Time",50,0.10,0.00,0.00,0.00,0.00
65050,"Extremely Inverse",10,0.03,0.22,0.50,3.00,0.72
65050,"IAC Extremely Inverse",60,4.0e-03,0.63,0.62,1.78,0.24
65050,"IAC Inverse",80,0.20,0.86,0.80,-0.41,0.19
65050,"IAC Short Inverse",90,0.04,0.06,0.62,-1.0e-03,0.02
65050,"IAC Very Inverse",70,0.09,0.79,0.10,-1.28,7.95
65050,"Moderately Inverse",40,0.17,0.67,0.80,-0.08,0.12
65050,"Normal Inverse",30,0.02,2.26,0.30,-4.18,9.12
65050,"Very Inverse",20,0.06,0.79,0.34,-0.28,4.05
65088,"Definite Time",50,0.10,0.00,0.00,0.00,0.00
65088,"Extremely Inverse",10,0.03,0.22,0.50,3.00,0.72
65088,"IAC Extremely Inverse",60,4.0e-03,0.63,0.62,1.78,0.24
65088,"IAC Inverse",80,0.20,0.86,0.80,-0.41,0.19
65088,"IAC Short Inverse",90,0.04,0.06,0.62,-1.0e-03,0.02
65088,"IAC Very Inverse",70,0.09,0.79,0.10,-1.28,7.95
65088,"Moderately Inverse",40,0.17,0.67,0.80,-0.08,0.12
65088,"Normal Inverse",30,0.02,2.26,0.30,-4.18,9.12
65088,"Very Inverse",20,0.06,0.79,0.34,-0.28,4.05
65095,"Definite Time",50,0.10,0.00,0.00,0.00,0.00
65095,"Extremely Inverse",10,0.03,0.22,0.50,3.00,0.72
65095,"IAC Extremely Inverse",60,4.0e-03,0.63,0.62,1.78,0.24
65095,"IAC Inverse",80,0.20,0.86,0.80,-0.41,0.19
65095,"IAC Short Inverse",90,0.04,0.06,0.62,-1.0e-03,0.02
65095,"IAC Very Inverse",70,0.09,0.79,0.10,-1.28,7.95
65095,"Moderately Inverse",40,0.17,0.67,0.80,-0.08,0.12
65095,"Normal Inverse",30,0.02,2.26,0.30,-4.18,9.12
65095,"Very Inverse",20,0.06,0.79,0.34,-0.28,4.05
67780,"Extremely Inverse",10,4.0e-03,0.63,0.62,1.78,0.24
67780,"Inverse",30,0.20,0.86,0.80,-0.41,0.19
67780,"Short Inverse",40,0.04,0.06,0.62,-1.0e-03,0.02
67780,"Very Inverse",20,0.09,0.79,0.10,-1.28,7.95
67805,"Extremely Inverse",10,4.0e-03,0.63,0.62,1.78,0.24
67805,"Inverse",30,0.20,0.86,0.80,-0.41,0.19
67805,"Short Inverse",40,0.04,0.06,0.62,-1.0e-03,0.02
67805,"Very Inverse",20,0.09,0.79,0.10,-1.28,7.95
67831,"Extremely Inverse",10,4.0e-03,0.63,0.62,1.78,0.24
67831,"Inverse",30,0.20,0.86,0.80,-0.41,0.19
67831,"Short Inverse",40,0.04,0.06,0.62,-1.0e-03,0.02
67831,"Very Inverse",20,0.09,0.79,0.10,-1.28,7.95
69018,"Extremely Inverse",30,0.04,6.93,0.62,19.42,2.67
69018,"Inverse",10,0.94,2.90,0.80,-1.40,0.65
69018,"Very Inverse",20,0.54,4.81,0.10,-7.80,48.23
69043,"Extremely Inverse",30,0.04,6.93,0.62,19.42,2.67
69043,"Inverse",10,0.94,2.90,0.80,-1.40,0.65
69043,"Very Inverse",20,0.54,4.81,0.10,-7.80,48.23
69068,"Extremely Inverse",30,0.04,6.93,0.62,19.42,2.67
69068,"Inverse",10,0.94,2.90,0.80,-1.40,0.65
69068,"Very Inverse",20,0.54,4.81,0.10,-7.80,48.23
69094,"Extremely Inverse",30,0.04,6.93,0.62,19.42,2.67
69094,"Inverse",10,0.94,2.90,0.80,-1.40,0.65
69094,"Very Inverse",20,0.54,4.81,0.10,-7.80,48.23
69119,"Extremely Inverse",30,0.04,6.93,0.62,19.42,2.67
69119,"Inverse",10,0.94,2.90,0.80,-1.40,0.65
69119,"Very Inverse",20,0.54,4.81,0.10,-7.80,48.23
69214,"Ext Inv",40,0.03,0.22,0.50,3.00,0.72
69214,"Mod Inv",10,0.17,0.67,0.80,-0.08,0.12
69214,"Norm Inv",20,0.02,2.26,0.30,-0.18,9.12
69214,"V Inv",30,0.06,0.79,0.34,-0.28,4.05
69278,"Ext Inv",40,0.03,0.22,0.50,3.00,0.72
69278,"Mod Inv",10,0.17,0.67,0.80,-0.08,0.12
69278,"Norm Inv",20,0.02,2.26,0.30,-0.18,9.12
69278,"V Inv",30,0.06,0.79,0.34,-0.28,4.05
71273,"ANSI Ext Inv",10,0.03,0.22,0.50,3.00,0.72
71273,"ANSI Mod Inv",40,0.17,0.67,0.80,-0.08,0.12
71273,"ANSI N Inv",30,0.02,2.26,0.30,-4.18,9.12
71273,"ANSI V Inv",20,0.06,0.79,0.34,-0.28,4.05
71285,"ANSI Ext Inv",10,0.03,0.22,0.50,3.00,0.72
71285,"ANSI Mod Inv",40,0.17,0.67,0.80,-0.08,0.12
71285,"ANSI N Inv",30,0.02,2.26,0.30,-4.18,9.12
71285,"ANSI V Inv",20,0.06,0.79,0.34,-0.28,4.05
71302,"IAC Extremely Inverse",10,4.0e-03,0.63,0.62,1.78,0.24
71302,"IAC Inverse",30,0.20,0.86,0.80,-0.41,0.19
71302,"IAC Short Inverse",40,0.04,0.06,0.62,-1.0e-03,0.02
71302,"IAC Very Inverse",20,0.09,0.79,0.10,-1.28,7.95
71325,"IAC Extremely Inverse",10,4.0e-03,0.63,0.62,1.78,0.24
71325,"IAC Inverse",30,0.20,0.86,0.80,-0.41,0.19
71325,"IAC Short Inverse",40,0.04,0.06,0.62,-1.0e-03,0.02
71325,"IAC Very Inverse",20,0.09,0.79,0.10,-1.28,7.95
71343,"ANSI Ext Inv",10,0.03,0.22,0.50,3.00,0.72
71343,"ANSI Mod Inv",40,0.17,0.67,0.80,-0.08,0.12
71343,"ANSI N Inv",30,0.02,2.26,0.30,-4.18,9.12
71343,"ANSI V Inv",20,0.06,0.79,0.34,-0.28,4.05
71360,"IAC Extremely Inverse",10,4.0e-03,0.63,0.62,1.78,0.24
71360,"IAC Inverse",30,0.20,0.86,0.80,-0.41,0.19
71360,"IAC Short Inverse",40,0.04,0.06,0.62,-1.0e-03,0.02
71360,"IAC Very Inverse",20,0.09,0.79,0.10,-1.28,7.95
71377,"ANSI Ext Inv",10,0.03,0.22,0.50,3.00,0.72
71377,"ANSI Mod Inv",40,0.17,0.67,0.80,-0.08,0.12
71377,"ANSI N Inv",30,0.02,2.26,0.30,-4.18,9.12
71377,"ANSI V Inv",20,0.06,0.79,0.34,-0.28,4.05
71394,"IAC Extremely Inverse",10,4.0e-03,0.63,0.62,1.78,0.24
71394,"IAC Inverse",30,0.20,0.86,0.80,-0.41,0.19
71394,"IAC Short Inverse",40,0.04,0.06,0.62,-1.0e-03,0.02
71394,"IAC Very Inverse",20,0.09,0.79,0.10,-1.28,7.95
71470,"Extremely Inverse",10,4.0e-03,0.63,0.62,1.78,0.24
71470,"Inverse",30,0.20,0.86,0.80,-0.41,0.19
71470,"Short Inverse",40,0.04,0.06,0.62,-1.0e-03,0.02
71470,"Very Inverse",20,0.09,0.79,0.10,-1.28,7.95
71496,"Extremely Inverse",10,4.0e-03,0.63,0.62,1.78,0.24
71496,"Inverse",30,0.20,0.86,0.80,-0.41,0.19
71496,"Short Inverse",40,0.04,0.06,0.62,-1.0e-03,0.02
71496,"Very Inverse",20,0.09,0.79,0.10,-1.28,7.95
71521,"Extremely Inverse",10,4.0e-03,0.63,0.62,1.78,0.24
71521,"Inverse",30,0.20,0.86,0.80,-0.41,0.19
71521,"Short Inverse",40,0.04,0.06,0.62,-1.0e-03,0.02
71521,"Very Inverse",20,0.09,0.79,0.10,-1.28,7.95
71574,"ANSI Ext Inv",10,0.03,0.22,0.50,3.00,0.72
71574,"ANSI Mod Inv",40,0.17,0.67,0.80,-0.08,0.12
71574,"ANSI N Inv",30,0.02,2.26,0.30,-4.18,9.12
71574,"ANSI V Inv",20,0.06,0.79,0.34,-0.28,4.05
71586,"ANSI Ext Inv",10,0.03,0.22,0.50,3.00,0.72
71586,"ANSI Mod Inv",40,0.17,0.67,0.80,-0.08,0.12
71586,"ANSI N Inv",30,0.02,2.26,0.30,-4.18,9.12
71586,"ANSI V Inv",20,0.06,0.79,0.34,-0.28,4.05
71603,"IAC Extremely Inverse",10,4.0e-03,0.63,0.62,1.78,0.24
71603,"IAC Inverse",30,0.20,0.86,0.80,-0.41,0.19
71603,"IAC Short Inverse",40,0.04,0.06,0.62,-1.0e-03,0.02
71603,"IAC Very Inverse",20,0.09,0.79,0.10,-1.28,7.95
71626,"IAC Extremely Inverse",10,4.0e-03,0.63,0.62,1.78,0.24
71626,"IAC Inverse",30,0.20,0.86,0.80,-0.41,0.19
71626,"IAC Short Inverse",40,0.04,0.06,0.62,-1.0e-03,0.02
71626,"IAC Very Inverse",20,0.09,0.79,0.10,-1.28,7.95
71644,"ANSI Ext Inv",10,0.03,0.22,0.50,3.00,0.72
71644,"ANSI Mod Inv",40,0.17,0.67,0.80,-0.08,0.12
71644,"ANSI N Inv",30,0.02,2.26,0.30,-4.18,9.12
71644,"ANSI V Inv",20,0.06,0.79,0.34,-0.28,4.05
71661,"IAC Extremely Inverse",10,4.0e-03,0.63,0.62,1.78,0.24
71661,"IAC Inverse",30,0.20,0.86,0.80,-0.41,0.19
71661,"IAC Short Inverse",40,0.04,0.06,0.62,-1.0e-03,0.02
71661,"IAC Very Inverse",20,0.09,0.79,0.10,-1.28,7.95
71678,"ANSI Ext Inv",10,0.03,0.22,0.50,3.00,0.72
71678,"ANSI Mod Inv",40,0.17,0.67,0.80,-0.08,0.12
71678,"ANSI N Inv",30,0.02,2.26,0.30,-4.18,9.12
71678,"ANSI V Inv",20,0.06,0.79,0.34,-0.28,4.05
71695,"IAC Extremely Inverse",10,4.0e-03,0.63,0.62,1.78,0.24
71695,"IAC Inverse",30,0.20,0.86,0.80,-0.41,0.19
71695,"IAC Short Inverse",40,0.04,0.06,0.62,-1.0e-03,0.02
71695,"IAC Very Inverse",20,0.09,0.79,0.10,-1.28,7.95
71724,"Extremely Inverse",10,4.0e-03,0.63,0.62,1.78,0.24
71724,"Inverse",30,0.20,0.86,0.80,-0.41,0.19
71724,"Short Inverse",40,0.04,0.06,0.62,-1.0e-03,0.02
71724,"Very Inverse",20,0.09,0.79,0.10,-1.28,7.95
71750,"Extremely Inverse",10,4.0e-03,0.63,0.62,1.78,0.24
71750,"Inverse",30,0.20,0.86,0.80,-0.41,0.19
71750,"Short Inverse",40,0.04,0.06,0.62,-1.0e-03,0.02
71750,"Very Inverse",20,0.09,0.79,0.10,-1.28,7.95
71775,"Extremely Inverse",10,4.0e-03,0.63,0.62,1.78,0.24
71775,"Inverse",30,0.20,0.86,0.80,-0.41,0.19
71775,"Short Inverse",40,0.04,0.06,0.62,-1.0e-03,0.02
71775,"Very Inverse",20,0.09,0.79,0.10,-1.28,7.95
71802,"Extremely Inverse",10,4.0e-03,0.63,0.62,1.78,0.24
71802,"Inverse",30,0.20,0.86,0.80,-0.41,0.19
71802,"Short Inverse",40,0.04,0.06,0.62,-1.0e-03,0.02
71802,"Very Inverse",20,0.09,0.79,0.10,-1.28,7.95
71828,"Extremely Inverse",10,4.0e-03,0.63,0.62,1.78,0.24
71828,"Inverse",30,0.20,0.86,0.80,-0.41,0.19
71828,"Short Inverse",40,0.04,0.06,0.62,-1.0e-03,0.02
71828,"Very Inverse",20,0.09,0.79,0.10,-1.28,7.95
71853,"Extremely Inverse",10,4.0e-03,0.63,0.62,1.78,0.24
71853,"Inverse",30,0.20,0.86,0.80,-0.41,0.19
71853,"Short Inverse",40,0.04,0.06,0.62,-1.0e-03,0.02
71853,"Very Inverse",20,0.09,0.79,0.10,-1.28,7.95
72889,"ANSI Ext Inv",10,0.03,0.22,0.50,3.00,0.72
72889,"ANSI Mod Inv",40,0.17,0.67,0.80,-0.08,0.12
72889,"ANSI N Inv",30,0.02,2.26,0.30,-4.18,9.12
72889,"ANSI V Inv",20,0.06,0.79,0.34,-0.28,4.05
72903,"ANSI Ext Inv",10,0.03,0.22,0.50,3.00,0.72
72903,"ANSI Mod Inv",40,0.17,0.67,0.80,-0.08,0.12
72903,"ANSI N Inv",30,0.02,2.26,0.30,-4.18,9.12
72903,"ANSI V Inv",20,0.06,0.79,0.34,-0.28,4.05
72924,"IAC Extremely Inverse",10,4.0e-03,0.63,0.62,1.78,0.24
72924,"IAC Inverse",30,0.20,0.86,0.80,-0.41,0.19
72924,"IAC Short Inverse",40,0.04,0.06,0.62,-1.0e-03,0.02
72924,"IAC Very Inverse",20,0.09,0.79,0.10,-1.28,7.95
72952,"IAC Extremely Inverse",10,4.0e-03,0.63,0.62,1.78,0.24
72952,"IAC Inverse",30,0.20,0.86,0.80,-0.41,0.19
72952,"IAC Short Inverse",40,0.04,0.06,0.62,-1.0e-03,0.02
72952,"IAC Very Inverse",20,0.09,0.79,0.10,-1.28,7.95
72973,"ANSI Ext Inv",10,0.03,0.22,0.50,3.00,0.72
72973,"ANSI Mod Inv",40,0.17,0.67,0.80,-0.08,0.12
72973,"ANSI N Inv",30,0.02,2.26,0.30,-4.18,9.12
72973,"ANSI V Inv",20,0.06,0.79,0.34,-0.28,4.05
72994,"IAC Extremely Inverse",10,4.0e-03,0.63,0.62,1.78,0.24
72994,"IAC Inverse",30,0.20,0.86,0.80,-0.41,0.19
72994,"IAC Short Inverse",40,0.04,0.06,0.62,-1.0e-03,0.02
72994,"IAC Very Inverse",20,0.09,0.79,0.10,-1.28,7.95
73333,"Ext Inv",30,0.03,0.22,0.50,3.00,0.72
73333,"Inv",10,0.02,2.26,0.30,-4.18,9.12
73333,"Mod Inv",40,0.17,0.67,0.80,-0.08,0.12
73333,"V Inv",20,0.06,0.79,0.34,-0.28,4.05
73360,"Ext Inv",30,0.03,0.22,0.50,3.00,0.72
73360,"Inv",10,0.02,2.26,0.30,-4.18,9.12
73360,"Mod Inv",40,0.17,0.67,0.80,-0.08,0.12
73360,"V Inv",20,0.06,0.79,0.34,-0.28,4.05
73377,"Ext Inv",30,0.03,0.22,0.50,3.00,0.72
73377,"Inv",10,0.02,2.26,0.30,-4.18,9.12
73377,"Mod Inv",40,0.17,0.67,0.80,-0.08,0.12
73377,"V Inv",20,0.06,0.79,0.34,-0.28,4.05
73400,"Ext Inv",30,0.03,0.22,0.50,3.00,0.72
73400,"Inv",10,0.02,2.26,0.30,-4.18,9.12
73400,"Mod Inv",40,0.17,0.67,0.80,-0.08,0.12
73400,"V Inv",20,0.06,0.79,0.34,-0.28,4.05
73438,"Ext Inv",30,0.03,0.22,0.50,3.00,0.72
73438,"Inv",10,0.02,2.26,0.30,-4.18,9.12
73438,"Mod Inv",40,0.17,0.67,0.80,-0.08,0.12
73438,"V Inv",20,0.06,0.79,0.34,-0.28,4.05
73450,"Ext Inv",30,0.03,0.22,0.50,3.00,0.72
73450,"Inv",10,0.02,2.26,0.30,-4.18,9.12
73450,"Mod Inv",40,0.17,0.67,0.80,-0.08,0.12
73450,"V Inv",20,0.06,0.79,0.34,-0.28,4.05
73474,"Ext Inv",30,0.03,0.22,0.50,3.00,0.72
73474,"Inv",10,0.02,2.26,0.30,-4.18,9.12
73474,"Mod Inv",40,0.17,0.67,0.80,-0.08,0.12
73474,"V Inv",20,0.06,0.79,0.34,-0.28,4.05
73492,"Ext Inv",30,0.03,0.22,0.50,3.00,0.72
73492,"Inv",10,0.02,2.26,0.30,-4.18,9.12
73492,"Mod Inv",40,0.17,0.67,0.80,-0.08,0.12
73492,"V Inv",20,0.06,0.79,0.34,-0.28,4.05
73504,"Ext Inv",30,0.03,0.22,0.50,3.00,0.72
73504,"Inv",10,0.02,2.26,0.30,-4.18,9.12
73504,"Mod Inv",40,0.17,0.67,0.80,-0.08,0.12
73504,"V Inv",20,0.06,0.79,0.34,-0.28,4.05
73528,"Ext Inv",30,0.03,0.22,0.50,3.00,0.72
73528,"Inv",10,0.02,2.26,0.30,-4.18,9.12
73528,"Mod Inv",40,0.17,0.67,0.80,-0.08,0.12
73528,"V Inv",20,0.06,0.79,0.34,-0.28,4.05
74224,"Extremely Inverse",10,4.0e-03,0.63,0.62,1.78,0.24
74224,"Inverse",30,0.20,0.86,0.80,-0.41,0.19
74224,"Short Inverse",40,0.04,0.06,0.62,-1.0e-03,0.02
74224,"Very Inverse",20,0.09,0.79,0.10,-1.28,7.95
74287,"Extremely Inverse",10,4.0e-03,0.63,0.62,1.78,0.24
74287,"Inverse",30,0.20,0.86,0.80,-0.41,0.19
74287,"Short Inverse",40,0.04,0.06,0.62,-1.0e-03,0.02
74287,"Very Inverse",20,0.09,0.79,0.10,-1.28,7.95
74294,"Extremely Inverse",10,4.0e-03,0.63,0.62,1.78,0.24
74294,"Inverse",30,0.20,0.86,0.80,-0.41,0.19
74294,"Short Inverse",40,0.04,0.06,0.62,-1.0e-03,0.02
74294,"Very Inverse",20,0.09,0.79,0.10,-1.28,7.95
75042,"Ext Inv",30,0.03,0.22,0.50,3.00,0.72
75042,"Inv",10,0.02,2.26,0.30,-4.18,9.12
75042,"Mod Inv",40,0.17,0.67,0.80,-0.08,0.12
75042,"V Inv",20,0.06,0.79,0.34,-0.28,4.05
75055,"Ext Inv",30,0.03,0.22,0.50,3.00,0.72
75055,"Inv",10,0.02,2.26,0.30,-4.18,9.12
75055,"Mod Inv",40,0.17,0.67,0.80,-0.08,0.12
75055,"V Inv",20,0.06,0.79,0.34,-0.28,4.05
75111,"ANSI Ext Inv",10,0.03,0.22,0.50,3.00,0.72
75111,"ANSI Mod Inv",40,0.17,0.67,0.80,-0.08,0.12
75111,"ANSI N Inv",30,0.02,2.26,0.30,-4.18,9.12
75111,"ANSI V Inv",20,0.06,0.79,0.34,-0.28,4.05
75123,"IAC Extremely Inverse",10,4.0e-03,0.63,0.62,1.78,0.24
75123,"IAC Inverse",30,0.20,0.86,0.80,-0.41,0.19
75123,"IAC Short Inverse",40,0.04,0.06,0.62,-1.0e-03,0.02
75123,"IAC Very Inverse",20,0.09,0.79,0.10,-1.28,7.95
75145,"ANSI Ext Inv",10,0.03,0.22,0.50,3.00,0.72
75145,"ANSI Mod Inv",40,0.17,0.67,0.80,-0.08,0.12
75145,"ANSI N Inv",30,0.02,2.26,0.30,-4.18,9.12
75145,"ANSI V Inv",20,0.06,0.79,0.34,-0.28,4.05
75156,"IAC Extremely Inverse",10,4.0e-03,0.63,0.62,1.78,0.24
75156,"IAC Inverse",30,0.20,0.86,0.80,-0.41,0.19
75156,"IAC Short Inverse",40,0.04,0.06,0.62,-1.0e-03,0.02
75156,"IAC Very Inverse",20,0.09,0.79,0.10,-1.28,7.95
77624,"Ext Inv",30,0.03,0.22,0.50,3.00,0.72
77624,"Inv",10,0.02,2.26,0.30,-4.18,9.12
77624,"Mod Inv",40,0.17,0.67,0.80,-0.08,0.12
77624,"V Inv",20,0.06,0.79,0.34,-0.28,4.05
77645,"Ext Inv",30,0.03,0.22,0.50,3.00,0.72
77645,"Inv",10,0.02,2.26,0.30,-4.18,9.12
77645,"Mod Inv",40,0.17,0.67,0.80,-0.08,0.12
77645,"V Inv",20,0.06,0.79,0.34,-0.28,4.05
77798,"Ext Inv",40,0.03,0.22,0.50,3.00,0.72
77798,"Mod Inv",10,0.17,0.67,0.80,-0.08,0.12
77798,"Norm Inv",20,0.02,2.26,0.30,-0.18,9.12
77798,"V Inv",30,0.06,0.79,0.34,-0.28,4.05
77861,"Ext Inv",40,0.03,0.22,0.50,3.00,0.72
77861,"Mod Inv",10,0.17,0.67,0.80,-0.08,0.12
77861,"Norm Inv",20,0.02,2.26,0.30,-0.18,9.12
77861,"V Inv",30,0.06,0.79,0.34,-0.28,4.05
79458,"Def Time 0.1s Base Line",60,0.10,0.00,0.00,0.00,0.00
79458,"Definite Time",50,0.05,0.00,0.00,0.00,0.00
79458,"Extremely Inverse",10,0.03,0.22,0.50,3.00,0.72
79458,"Moderately Inverse",40,0.17,0.67,0.80,-0.08,0.12
79458,"Normal Inverse",30,0.02,2.26,0.30,-4.18,9.12
79458,"Very Inverse",20,0.06,0.79,0.34,-0.28,4.05
79460,"Def Time 0.1s Base Line",60,0.10,0.00,0.00,0.00,0.00
79460,"Definite Time",50,0.05,0.00,0.00,0.00,0.00
79460,"Extremely Inverse",10,0.03,0.22,0.50,3.00,0.72
79460,"Moderately Inverse",40,0.17,0.67,0.80,-0.08,0.12
79460,"Normal Inverse",30,0.02,2.26,0.30,-4.18,9.12
79460,"Very Inverse",20,0.06,0.79,0.34,-0.28,4.05
79462,"Def Time 0.1s Base Line",60,0.10,0.00,0.00,0.00,0.00
79462,"Definite Time",50,0.05,0.00,0.00,0.00,0.00
79462,"Extremely Inverse",10,0.03,0.22,0.50,3.00,0.72
79462,"Moderately Inverse",40,0.17,0.67,0.80,-0.08,0.12
79462,"Normal Inverse",30,0.02,2.26,0.30,-4.18,9.12
79462,"Very Inverse",20,0.06,0.79,0.34,-0.28,4.05
79464,"Def Time 0.1s Base Line",60,0.10,0.00,0.00,0.00,0.00
79464,"Definite Time",50,0.05,0.00,0.00,0.00,0.00
79464,"Extremely Inverse",10,0.03,0.22,0.50,3.00,0.72
79464,"Moderately Inverse",40,0.17,0.67,0.80,-0.08,0.12
79464,"Normal Inverse",30,0.02,2.26,0.30,-4.18,9.12
79464,"Very Inverse",20,0.06,0.79,0.34,-0.28,4.05
79466,"Def Time 0.1s Base Line",60,0.10,0.00,0.00,0.00,0.00
79466,"Definite Time",50,0.05,0.00,0.00,0.00,0.00
79466,"Extremely Inverse",10,0.03,0.22,0.50,3.00,0.72
79466,"Moderately Inverse",40,0.17,0.67,0.80,-0.08,0.12
79466,"Normal Inverse",30,0.02,2.26,0.30,-4.18,9.12
79466,"Very Inverse",20,0.06,0.79,0.34,-0.28,4.05
79468,"Def Time 0.1s Base Line",60,0.10,0.00,0.00,0.00,0.00
79468,"Definite Time",50,0.05,0.00,0.00,0.00,0.00
79468,"Extremely Inverse",10,0.03,0.22,0.50,3.00,0.72
79468,"Moderately Inverse",40,0.17,0.67,0.80,-0.08,0.12
79468,"Normal Inverse",30,0.02,2.26,0.30,-4.18,9.12
79468,"Very Inverse",20,0.06,0.79,0.34,-0.28,4.05
79470,"Def Time 0.1s Base Line",60,0.10,0.00,0.00,0.00,0.00
79470,"Definite Time",50,0.05,0.00,0.00,0.00,0.00
79470,"Extremely Inverse",10,0.03,0.22,0.50,3.00,0.72
79470,"Moderately Inverse",40,0.17,0.67,0.80,-0.08,0.12
79470,"Normal Inverse",30,0.02,2.26,0.30,-4.18,9.12
79470,"Very Inverse",20,0.06,0.79,0.34,-0.28,4.05
79596,"Extremely Inverse",10,0.03,0.22,0.50,3.00,0.72
79596,"Moderately Inverse",40,0.17,0.67,0.80,-0.08,0.12
79596,"Normal Inverse",30,0.02,2.26,0.30,-4.18,9.12
79596,"Very Inverse",20,0.06,0.79,0.34,-0.28,4.05
79598,"IAC Extremely Inverse",10,4.0e-03,0.63,0.62,1.78,0.24
79598,"IAC Inverse",30,0.20,0.86,0.80,-0.41,0.19
79598,"IAC Short Inverse",40,0.04,0.06,0.62,-1.0e-03,0.02
79598,"IAC Very Inverse",20,0.09,0.79,0.10,-1.28,7.95
79602,"Extremely Inverse",10,0.03,0.22,0.50,3.00,0.72
79602,"Moderately Inverse",40,0.17,0.67,0.80,-0.08,0.12
79602,"Normal Inverse",30,0.02,2.26,0.30,-4.18,9.12
79602,"Very Inverse",20,0.06,0.79,0.34,-0.28,4.05
79604,"IAC Extremely Inverse",10,4.0e-03,0.63,0.62,1.78,0.24
79604,"IAC Inverse",30,0.20,0.86,0.80,-0.41,0.19
79604,"IAC Short Inverse",40,0.04,0.06,0.62,-1.0e-03,0.02
79604,"IAC Very Inverse",20,0.09,0.79,0.10,-1.28,7.95
79608,"Extremely Inverse",10,0.03,0.22,0.50,3.00,0.72
79608,"Moderately Inverse",40,0.17,0.67,0.80,-0.08,0.12
79608,"Normal Inverse",30,0.02,2.26,0.30,-4.18,9.12
79608,"Very Inverse",20,0.06,0.79,0.34,-0.28,4.05
79610,"IAC Extremely Inverse",10,4.0e-03,0.63,0.62,1.78,0.24
79610,"IAC Inverse",30,0.20,0.86,0.80,-0.41,0.19
79610,"IAC Short Inverse",40,0.04,0.06,0.62,-1.0e-03,0.02
79610,"IAC Very Inverse",20,0.09,0.79,0.10,-1.28,7.95
79614,"Extremely Inverse",10,0.03,0.22,0.50,3.00,0.72
79614,"Moderately Inverse",40,0.17,0.67,0.80,-0.08,0.12
79614,"Normal Inverse",30,0.02,2.26,0.30,-4.18,9.12
79614,"Very Inverse",20,0.06,0.79,0.34,-0.28,4.05
79616,"IAC Extremely Inverse",10,4.0e-03,0.63,0.62,1.78,0.24
79616,"IAC Inverse",30,0.20,0.86,0.80,-0.41,0.19
79616,"IAC Short Inverse",40,0.04,0.06,0.62,-1.0e-03,0.02
79616,"IAC Very Inverse",20,0.09,0.79,0.10,-1.28,7.95
81097,"ANSI Ext Inv",10,0.03,0.22,0.50,3.00,0.72
81097,"ANSI Mod Inv",40,0.17,0.67,0.80,-0.08,0.12
81097,"ANSI N Inv",30,0.02,2.26,0.30,-4.18,9.12
81097,"ANSI V Inv",20,0.06,0.79,0.34,-0.28,4.05
81109,"ANSI Ext Inv",10,0.03,0.22,0.50,3.00,0.72
81109,"ANSI Mod Inv",40,0.17,0.67,0.80,-0.08,0.12
81109,"ANSI N Inv",30,0.02,2.26,0.30,-4.18,9.12
81109,"ANSI V Inv",20,0.06,0.79,0.34,-0.28,4.05
81126,"IAC Extremely Inverse",10,4.0e-03,0.63,0.62,1.78,0.24
81126,"IAC Inverse",30,0.20,0.86,0.80,-0.41,0.19
81126,"IAC Short Inverse",40,0.04,0.06,0.62,-1.0e-03,0.02
81126,"IAC Very Inverse",20,0.09,0.79,0.10,-1.28,7.95
81149,"IAC Extremely Inverse",10,4.0e-03,0.63,0.62,1.78,0.24
81149,"IAC Inverse",30,0.20,0.86,0.80,-0.41,0.19
81149,"IAC Short Inverse",40,0.04,0.06,0.62,-1.0e-03,0.02
81149,"IAC Very Inverse",20,0.09,0.79,0.10,-1.28,7.95
81167,"ANSI Ext Inv",10,0.03,0.22,0.50,3.00,0.72
81167,"ANSI Mod Inv",40,0.17,0.67,0.80,-0.08,0.12
81167,"ANSI N Inv",30,0.02,2.26,0.30,-4.18,9.12
81167,"ANSI V Inv",20,0.06,0.79,0.34,-0.28,4.05
81184,"IAC Extremely Inverse",10,4.0e-03,0.63,0.62,1.78,0.24
81184,"IAC Inverse",30,0.20,0.86,0.80,-0.41,0.19
81184,"IAC Short Inverse",40,0.04,0.06,0.62,-1.0e-03,0.02
81184,"IAC Very Inverse",20,0.09,0.79,0.10,-1.28,7.95
81201,"ANSI Ext Inv",10,0.03,0.22,0.50,3.00,0.72
81201,"ANSI Mod Inv",40,0.17,0.67,0.80,-0.08,0.12
81201,"ANSI N Inv",30,0.02,2.26,0.30,-4.18,9.12
81201,"ANSI V Inv",20,0.06,0.79,0.34,-0.28,4.05
81218,"IAC Extremely Inverse",10,4.0e-03,0.63,0.62,1.78,0.24
81218,"IAC Inverse",30,0.20,0.86,0.80,-0.41,0.19
81218,"IAC Short Inverse",40,0.04,0.06,0.62,-1.0e-03,0.02
81218,"IAC Very Inverse",20,0.09,0.79,0.10,-1.28,7.95
81235,"ANSI Ext Inv",10,0.03,0.22,0.50,3.00,0.72
81235,"ANSI Mod Inv",40,0.17,0.67,0.80,-0.08,0.12
81235,"ANSI N Inv",30,0.02,2.26,0.30,-4.18,9.12
81235,"ANSI V Inv",20,0.06,0.79,0.34,-0.28,4.05
81252,"IAC Extremely Inverse",10,4.0e-03,0.63,0.62,1.78,0.24
81252,"IAC Inverse",30,0.20,0.86,0.80,-0.41,0.19
81252,"IAC Short Inverse",40,0.04,0.06,0.62,-1.0e-03,0.02
81252,"IAC Very Inverse",20,0.09,0.79,0.10,-1.28,7.95
81270,"ANSI Ext Inv",10,0.03,0.22,0.50,3.00,0.72
81270,"ANSI Mod Inv",40,0.17,0.67,0.80,-0.08,0.12
81270,"ANSI N Inv",30,0.02,2.26,0.30,-4.18,9.12
81270,"ANSI V Inv",20,0.06,0.79,0.34,-0.28,4.05
81287,"IAC Extremely Inverse",10,4.0e-03,0.63,0.62,1.78,0.24
81287,"IAC Inverse",30,0.20,0.86,0.80,-0.41,0.19
81287,"IAC Short Inverse",40,0.04,0.06,0.62,-1.0e-03,0.02
81287,"IAC Very Inverse",20,0.09,0.79,0.10,-1.28,7.95
81433,"EI31",20,0.03,0.22,0.50,3.00,0.72
81433,"MI31",10,0.17,0.67,0.80,-0.08,0.12
81433,"NI31",30,0.02,2.26,0.30,-4.18,9.12
81433,"VI31",40,0.06,0.79,0.34,-0.28,4.05
81452,"EI31",20,0.03,0.22,0.50,3.00,0.72
81452,"MI31",10,0.17,0.67,0.80,-0.08,0.12
81452,"NI31",30,0.02,2.26,0.30,-4.18,9.12
81452,"VI31",40,0.06,0.79,0.34,-0.28,4.05
82986,"IAC Ext Inv",10,4.0e-03,0.63,0.62,1.78,0.24
82986,"IAC Inv",30,0.20,0.86,0.80,-0.41,0.19
82986,"IAC S Inv",40,0.04,0.06,0.62,-1.0e-03,0.02
82986,"IAC V Inv",20,0.09,0.79,0.10,-1.28,7.95
83036,"IAC Ext Inv",10,4.0e-03,0.63,0.62,1.78,0.24
83036,"IAC Inv",30,0.20,0.86,0.80,-0.41,0.19
83036,"IAC S Inv",40,0.04,0.06,0.62,-1.0e-03,0.02
83036,"IAC V Inv",20,0.09,0.79,0.10,-1.28,7.95
83589,"Ext Inv",30,0.03,0.22,0.50,3.00,0.72
83589,"Inv",10,0.02,2.26,0.30,-4.18,9.12
83589,"Mod Inv",40,0.17,0.67,0.80,-0.08,0.12
83589,"Very Inv",20,0.06,0.79,0.34,-0.28,4.05
83604,"Ext Inv",30,0.03,0.22,0.50,3.00,0.72
83604,"Inv",10,0.02,2.26,0.30,-4.18,9.12
83604,"Mod Inv",40,0.17,0.67,0.80,-0.08,0.12
83604,"Very Inv",20,0.06,0.79,0.34,-0.28,4.05
83897,"Extremely Inverse",30,0.04,6.93,0.62,19.42,2.67
83897,"Inverse",10,0.70,2.90,0.80,-1.40,0.65
83897,"Very Inverse",20,0.54,4.81,0.10,-7.80,48.23
83899,"Extremely Inverse",30,0.04,6.93,0.62,19.42,2.67
83899,"Inverse",10,0.70,2.90,0.80,-1.40,0.65
83899,"Very Inverse",20,0.54,4.81,0.10,-7.80,48.23
83901,"Extremely Inverse",30,0.04,6.93,0.62,19.42,2.67
83901,"Inverse",10,0.70,2.90,0.80,-1.40,0.65
83901,"Very Inverse",20,0.54,4.81,0.10,-7.80,48.23
83903,"Extremely Inverse",30,0.04,6.93,0.62,19.42,2.67
83903,"Inverse",10,0.70,2.90,0.80,-1.40,0.65
83903,"Very Inverse",20,0.54,4.81,0.10,-7.80,48.23
83905,"Extremely Inverse",30,0.04,6.93,0.62,19.42,2.67
83905,"Inverse",10,0.70,2.90,0.80,-1.40,0.65
83905,"Very Inverse",20,0.54,4.81,0.10,-7.80,48.23
84863,"EI",40,0.03,0.22,0.50,3.00,0.72
84863,"MI",10,0.17,0.67,0.80,-0.08,0.12
84863,"NI",20,0.02,2.26,0.30,0.18,9.12
84863,"VI",30,0.06,0.79,0.34,-0.28,4.05
84900,"EI",40,0.03,0.22,0.50,3.00,0.72
84900,"MI",10,0.17,0.67,0.80,-0.08,0.12
84900,"NI",20,0.02,2.26,0.30,0.18,9.12
84900,"VI",30,0.06,0.79,0.34,-0.28,4.05
85103,"EI",40,0.03,0.22,0.50,3.00,0.72
85103,"MI",10,0.17,0.67,0.80,-0.08,0.12
85103,"NI",20,0.02,2.26,0.30,0.18,9.12
85103,"VI",30,0.06,0.79,0.34,-0.28,4.05
85137,"EI",40,0.03,0.22,0.50,3.00,0.72
85137,"MI",10,0.17,0.67,0.80,-0.08,0.12
85137,"NI",20,0.02,2.26,0.30,0.18,9.12
85137,"VI",30,0.06,0.79,0.34,-0.28,4.05
85174,"EI",40,0.03,0.22,0.50,3.00,0.72
85174,"MI",10,0.17,0.67,0.80,-0.08,0.12
85174,"NI",20,0.02,2.26,0.30,0.18,9.12
85174,"VI",30,0.06,0.79,0.34,-0.28,4.05
85209,"EI",40,0.03,0.22,0.50,3.00,0.72
85209,"MI",10,0.17,0.67,0.80,-0.08,0.12
85209,"NI",20,0.02,2.26,0.30,0.18,9.12
85209,"VI",30,0.06,0.79,0.34,-0.28,4.05
85738,"EI",40,0.03,0.22,0.50,3.00,0.72
85738,"MI",10,0.17,0.67,0.80,-0.08,0.12
85738,"NI",20,0.02,2.26,0.30,-0.18,9.12
85738,"VI",30,0.06,0.79,0.34,-0.28,4.05
85780,"EI",40,0.03,0.22,0.50,3.00,0.72
85780,"MI",10,0.17,0.67,0.80,-0.08,0.12
85780,"NI",20,0.02,2.26,0.30,-0.18,9.12
85780,"VI",30,0.06,0.79,0.34,-0.28,4.05
87713,"EI",40,0.03,0.22,0.50,3.00,0.72
87713,"MI",10,0.17,0.67,0.80,-0.08,0.12
87713,"NI",20,0.02,2.26,0.30,0.18,9.12
87713,"VI",30,0.06,0.79,0.34,-0.28,4.05
87748,"EI",40,0.03,0.22,0.50,3.00,0.72
87748,"MI",10,0.17,0.67,0.80,-0.08,0.12
87748,"NI",20,0.02,2.26,0.30,0.18,9.12
87748,"VI",30,0.06,0.79,0.34,-0.28,4.05
88187,"Extremely Inverse",10,4.0e-03,0.63,0.62,1.78,0.24
88187,"Inverse",30,0.20,0.86,0.80,-0.41,0.19
88187,"Short Inverse",40,0.04,0.06,0.62,-1.0e-03,0.02
88187,"Very Inverse",20,0.09,0.79,0.10,-1.28,7.95
88199,"Extremely Inverse",10,4.0e-03,0.63,0.62,1.78,0.24
88199,"Inverse",30,0.20,0.86,0.80,-0.41,0.19
88199,"Short Inverse",40,0.04,0.06,0.62,-1.0e-03,0.02
88199,"Very Inverse",20,0.09,0.79,0.10,-1.28,7.95
88207,"Extremely Inverse",10,4.0e-03,0.63,0.62,1.78,0.24
88207,"Inverse",30,0.20,0.86,0.80,-0.41,0.19
88207,"Short Inverse",40,0.04,0.06,0.62,-1.0e-03,0.02
88207,"Very Inverse",20,0.09,0.79,0.10,-1.28,7.95
88211,"Extremely Inverse",10,4.0e-03,0.63,0.62,1.78,0.24
88211,"Inverse",30,0.20,0.86,0.80,-0.41,0.19
88211,"Short Inverse",40,0.04,0.06,0.62,-1.0e-03,0.02
88211,"Very Inverse",20,0.09,0.79,0.10,-1.28,7.95
88215,"Extremely Inverse",10,4.0e-03,0.63,0.62,1.78,0.24
88215,"Inverse",30,0.20,0.86,0.80,-0.41,0.19
88215,"Short Inverse",40,0.04,0.06,0.62,-1.0e-03,0.02
88215,"Very Inverse",20,0.09,0.79,0.10,-1.28,7.95
88229,"Extremely Inverse",10,4.0e-03,0.63,0.62,1.78,0.24
88229,"Inverse",30,0.20,0.86,0.80,-0.41,0.19
88229,"Short Inverse",40,0.04,0.06,0.62,-1.0e-03,0.02
88229,"Very Inverse",20,0.09,0.79,0.10,-1.28,7.95
88338,"Extremly Inverse",40,0.03,0.22,0.50,3.00,0.72
88338,"Inverse",10,0.02,2.26,0.30,-4.18,9.12
88338,"Moderately Inverse",20,0.17,0.67,0.80,-0.08,0.12
88338,"Very Inverse",30,0.06,0.79,0.34,-0.28,4.05
88345,"Extremly Inverse",40,0.03,0.22,0.50,3.00,0.72
88345,"Inverse",10,0.02,2.26,0.30,-4.18,9.12
88345,"Moderately Inverse",20,0.17,0.67,0.80,-0.08,0.12
88345,"Very Inverse",30,0.06,0.79,0.34,-0.28,4.05
88360,"Extremly Inverse",40,0.03,0.22,0.50,3.00,0.72
88360,"Inverse",10,0.02,2.26,0.30,-4.18,9.12
88360,"Moderately Inverse",20,0.17,0.67,0.80,-0.08,0.12
88360,"Very Inverse",30,0.06,0.79,0.34,-0.28,4.05
89075,"EI",40,4.0e-03,0.63,0.62,1.78,0.24
89075,"NI",20,0.20,0.86,0.80,-0.41,0.19
89075,"SI",10,0.04,0.06,0.62,-1.0e-03,0.02
89075,"VI",30,0.09,0.79,0.10,-1.28,7.95
89092,"EI",40,0.03,0.22,0.50,3.00,0.72
89092,"MI",10,0.17,0.67,0.80,-0.08,0.12
89092,"NI",20,0.02,2.26,0.30,-4.18,9.12
89092,"VI",30,0.06,0.79,0.34,-0.28,4.05
89100,"EI",40,0.03,0.22,0.50,3.00,0.72
89100,"MI",10,0.17,0.67,0.80,-0.08,0.12
89100,"NI",20,0.02,2.26,0.30,-4.18,9.12
89100,"VI",30,0.06,0.79,0.34,-0.28,4.05
89105,"EI",40,0.03,0.22,0.50,3.00,0.72
89105,"MI",10,0.17,0.67,0.80,-0.08,0.12
89105,"NI",20,0.02,2.26,0.30,-4.18,9.12
89105,"VI",30,0.06,0.79,0.34,-0.28,4.05
89113,"EI",40,4.0e-03,0.63,0.62,1.78,0.24
89113,"NI",20,0.20,0.86,0.80,-0.41,0.19
89113,"SI",10,0.04,0.06,0.62,-1.0e-03,0.02
89113,"VI",30,0.09,0.79,0.10,-1.28,7.95
89118,"EI",40,4.0e-03,0.63,0.62,1.78,0.24
89118,"NI",20,0.20,0.86,0.80,-0.41,0.19
89118,"SI",10,0.04,0.06,0.62,-1.0e-03,0.02
89118,"VI",30,0.09,0.79,0.10,-1.28,7.95
89734,"Definite Time",50,0.05,0.00,0.00,0.00,0.00
89734,"Extremely Inverse",10,0.03,0.22,0.50,3.00,0.72
89734,"Moderately Inverse",40,0.17,0.67,0.80,-0.08,0.12
89734,"Normal Inverse",30,0.02,2.26,0.30,-4.18,9.12
89734,"Very Inverse",20,0.06,0.79,0.34,-0.28,4.05
89736,"Definite Time",10,0.05,0.00,0.00,0.00,0.00
89736,"IAC Extremely Inverse",20,4.0e-03,0.63,0.62,1.78,0.24
89736,"IAC Inverse",40,0.20,0.86,0.80,-0.41,0.19
89736,"IAC Short Inverse",50,0.04,0.06,0.62,-1.0e-03,0.02
89736,"IAC Very Inverse",30,0.09,0.79,0.10,-1.28,7.95
89740,"Definite Time",50,0.05,0.00,0.00,0.00,0.00
89740,"Extremely Inverse",10,0.03,0.22,0.50,3.00,0.72
89740,"Moderately Inverse",40,0.17,0.67,0.80,-0.08,0.12
89740,"Normal Inverse",30,0.02,2.26,0.30,-4.18,9.12
89740,"Very Inverse",20,0.06,0.79,0.34,-0.28,4.05
89742,"Definite Time",10,0.05,0.00,0.00,0.00,0.00
89742,"IAC Extremely Inverse",20,4.0e-03,0.63,0.62,1.78,0.24
89742,"IAC Inverse",40,0.20,0.86,0.80,-0.41,0.19
89742,"IAC Short Inverse",50,0.04,0.06,0.62,-1.0e-03,0.02
89742,"IAC Very Inverse",30,0.09,0.79,0.10,-1.28,7.95
89746,"Definite Time",50,0.05,0.00,0.00,0.00,0.00
89746,"Extremely Inverse",10,0.03,0.22,0.50,3.00,0.72
89746,"Moderately Inverse",40,0.17,0.67,0.80,-0.08,0.12
89746,"Normal Inverse",30,0.02,2.26,0.30,-4.18,9.12
89746,"Very Inverse",20,0.06,0.79,0.34,-0.28,4.05
89748,"Definite Time",10,0.05,0.00,0.00,0.00,0.00
89748,"IAC Extremely Inverse",20,4.0e-03,0.63,0.62,1.78,0.24
89748,"IAC Inverse",40,0.20,0.86,0.80,-0.41,0.19
89748,"IAC Short Inverse",50,0.04,0.06,0.62,-1.0e-03,0.02
89748,"IAC Very Inverse",30,0.09,0.79,0.10,-1.28,7.95
89752,"Definite Time",50,0.05,0.00,0.00,0.00,0.00
89752,"Extremely Inverse",10,0.03,0.22,0.50,3.00,0.72
89752,"Moderately Inverse",40,0.17,0.67,0.80,-0.08,0.12
89752,"Normal Inverse",30,0.02,2.26,0.30,-4.18,9.12
89752,"Very Inverse",20,0.06,0.79,0.34,-0.28,4.05
89754,"Definite Time",10,0.05,0.00,0.00,0.00,0.00
89754,"IAC Extremely Inverse",20,4.0e-03,0.63,0.62,1.78,0.24
89754,"IAC Inverse",40,0.20,0.86,0.80,-0.41,0.19
89754,"IAC Short Inverse",50,0.04,0.06,0.62,-1.0e-03,0.02
89754,"IAC Very Inverse",30,0.09,0.79,0.10,-1.28,7.95
91261,"Extremely Inverse",10,0.03,0.22,0.50,3.00,0.72
91261,"Moderately Inverse",40,0.17,0.67,0.80,-0.08,0.12
91261,"Normal Inverse",30,0.02,2.26,0.30,-4.18,9.12
91261,"Very Inverse",20,0.06,0.79,0.34,-0.28,4.05
91341,"Extremely Inverse",10,0.03,0.22,0.50,3.00,0.72
91341,"Moderately Inverse",40,0.17,0.67,0.80,-0.08,0.12
91341,"Normal Inverse",30,0.02,2.26,0.30,-4.18,9.12
91341,"Very Inverse",20,0.06,0.79,0.34,-0.28,4.05
